<?xml version="1.0" encoding="utf-8"?>
<COLLADA xmlns="http://www.collada.org/2005/11/COLLADASchema" version="1.4.1" xmlns:xsi="http://www.w3.org/2001/XMLSchema-instance">
  <asset>
    <contributor>
      <author>Blender User</author>
      <authoring_tool>Blender 3.4.0 commit date:2022-12-06, commit time:18:46, hash:a95bf1ac01be</authoring_tool>
    </contributor>
    <created>2022-12-09T06:20:28</created>
    <modified>2022-12-09T06:20:28</modified>
    <unit name="meter" meter="1"/>
    <up_axis>Z_UP</up_axis>
  </asset>
  <library_images/>
  <library_geometries>
    <geometry id="塑料轮_平面-mesh" name="塑料轮_平面">
      <mesh>
        <source id="塑料轮_平面-mesh-positions">
          <float_array id="塑料轮_平面-mesh-positions-array" count="4764">119.3172 0 3.171653 119.3172 6 3.171653 134.5769 6 0.7950217 112.9196 6 4.856497 112.9196 0 4.856497 109.3335 6 5.800888 109.3335 0 5.800888 104.3828 6 7.104695 104.3828 0 7.104695 89.93193 0 12.55247 89.93193 6 12.55247 81.73586 6 16.64913 81.73586 0 16.64913 76.1178 6 19.45722 76.1178 0 19.45722 63.08684 0 27.74575 63.08684 6 27.74575 50.97718 0 37.33022 50.97718 6 37.33022 43.83815 6 44.28774 43.83815 0 44.28774 39.9172 6 48.109 39.9172 0 48.109 30.02412 0 59.96786 30.02412 6 59.96786 26.5009 6 65.20417 26.5009 0 65.20417 21.54192 6 72.57435 21.54192 0 72.57435 21.40281 6 72.78108 21.40281 0 72.78108 14.14467 0 86.41285 14.14467 6 86.41285 8.326621 0 100.7187 8.326621 6 100.7187 7.512823 6 103.5144 7.512823 0 103.5144 5.200296 6 111.4589 5.200296 0 111.4589 4.010349 6 115.5468 4.010349 0 115.5468 1.241609 0 130.7402 1.241609 6 130.7402 0.04974007 0 146.1378 0.04974007 6 146.1378 0.1894533 6 151.5622 0.1894533 0 151.5622 0.4473776 6 161.5763 0.4473776 0 161.5763 0.571087 6 162.5318 0.571087 0 162.5318 2.43032 6 176.8921 2.43032 0 176.8921 5.200296 6 188.6294 5.200296 0 188.6294 5.274445 6 188.9436 5.274445 0 188.9436 5.977526 6 191.9228 5.977526 0 191.9228 11.05142 0 206.5092 11.05142 6 206.5092 17.59818 0 220.4965 17.59818 6 220.4965 25.54845 0 233.7366 25.54845 6 233.7366 26.5009 6 235.0058 26.5009 0 235.0058 34.81794 6 246.089 34.81794 0 246.089 39.53674 6 251.1872 39.53674 0 251.1872 43.83815 6 255.8344 43.83815 0 255.8344 45.30838 6 257.4228 45.30838 0 257.4228 56.90858 0 267.618 56.90858 6 267.618 69.49558 0 276.5664 69.49558 6 276.5664 82.93594 0 284.1731 82.93594 6 284.1731 97.0872 0 290.3576 97.0872 6 290.3576 109.3335 6 294.267 109.3335 0 294.267 111.7993 6 295.0542 111.7993 0 295.0542 112.9196 6 295.2883 112.9196 0 295.2883 126.9164 6 298.2132 126.9164 0 298.2132 141.6128 6 299.7323 141.6128 0 299.7323 142.2782 6 299.8011 142.2782 0 299.8011 147.4531 6 299.9344 147.4531 0 299.9344 150 6 300 150 0 300 152.5469 6 299.9344 152.5469 0 299.9344 157.7218 6 299.8011 157.7218 0 299.8011 158.3872 6 299.7323 158.3872 0 299.7323 173.0836 6 298.2132 173.0836 0 298.2132 188.2007 0 295.0542 188.2007 6 295.0542 190.6665 6 294.267 190.6665 0 294.267 202.9128 6 290.3576 202.9128 0 290.3576 217.0641 0 284.1731 217.0641 6 284.1731 230.5044 0 276.5664 230.5044 6 276.5664 243.0914 0 267.618 243.0914 6 267.618 254.6916 0 257.4228 254.6916 6 257.4228 260.4633 6 251.1872 260.4633 0 251.1872 265.1821 6 246.089 265.1821 0 246.089 273.4991 6 235.0058 273.4991 0 235.0058 274.4516 6 233.7366 274.4516 0 233.7366 282.4018 0 220.4965 282.4018 6 220.4965 288.9486 0 206.5092 288.9486 6 206.5092 294.0225 0 191.9228 294.0225 6 191.9228 294.7256 6 188.9436 294.7256 0 188.9436 297.5697 6 176.8921 297.5697 0 176.8921 299.4289 6 162.5318 299.4289 0 162.5318 299.5527 6 161.5763 299.5527 0 161.5763 299.8106 6 151.5622 299.8106 0 151.5622 299.9503 6 146.1378 299.9503 0 146.1378 298.7584 0 130.7402 298.7584 6 130.7402 295.9897 0 115.5468 295.9897 6 115.5468 292.4872 6 103.5144 292.4872 0 103.5144 291.6734 6 100.7187 291.6734 0 100.7187 285.8554 0 86.41285 285.8554 6 86.41285 278.5972 0 72.78108 278.5972 6 72.78108 278.4581 6 72.57435 278.4581 0 72.57435 273.4991 6 65.20417 273.4991 0 65.20417 269.9759 6 59.96786 269.9759 0 59.96786 260.0828 0 48.109 260.0828 6 48.109 249.0228 0 37.33022 249.0228 6 37.33022 236.9132 0 27.74575 236.9132 6 27.74575 223.8822 0 19.45722 223.8822 6 19.45722 218.2642 6 16.64913 218.2642 0 16.64913 210.0681 6 12.55247 210.0681 0 12.55247 195.6172 0 7.104695 195.6172 6 7.104695 190.6665 6 5.800888 190.6665 0 5.800888 180.6828 6 3.171653 180.6828 0 3.171653 165.4232 0 0.7950217 165.4232 6 0.7950217 158.3872 6 0.4323423 158.3872 0 0.4323423 152.5469 6 0.1312941 152.5469 0 0.1312941 150 6 0 150 0 0 147.4531 6 0.1312941 147.4531 0 0.1312941 141.6128 6 0.4323423 141.6128 0 0.4323423 134.5769 0 0.7950217 183.6322 6 202.5491 184.533 6 204.7237 189.5843 6 198.2247 127.0763 6 146.4563 129.236 6 147.8443 129.3714 6 139.3927 109.3335 6 133.113 109.3335 6 140.4604 112.9196 6 141.6255 187.1129 6 16.63414 187.1232 6 16.64913 190.6665 6 16.64913 106.0307 6 29.48148 109.3335 6 34.02743 109.3335 6 16.64913 5.200296 6 162.5318 152.5469 6 289.8963 150 6 290 147.4531 6 289.8963 141.6128 6 289.6583 138.6127 6 289.5361 120.8694 6 285.4473 119.0923 6 283.9186 117.575 6 282.1317 127.3008 6 288.1476 125.0245 6 287.5879 122.8631 6 286.6804 116.3547 6 280.1302 115.4611 6 277.963 114.9161 6 275.6831 114.7329 6 273.346 112.9196 6 251.1872 109.3335 6 251.1872 105.031 6 277.8207 104.0074 6 278.6336 107.5608 6 219.4236 107.5608 6 251.1872 107.5608 6 271.9832 107.454 6 273.2859 107.1365 6 274.5539 106.6167 6 275.7532 105.9086 6 276.8519 102.8651 6 279.2689 101.6345 6 279.7097 100.3486 6 279.9443 99.04166 6 279.9663 26.86401 6 216.2702 26.5009 6 215.6848 42.72306 6 239.7968 42.14173 6 238.6261 97.74858 6 279.7752 96.50387 6 279.3761 84.53549 6 273.7514 73.1512 6 267.0225 62.4526 6 259.2495 53.31222 6 251.1872 43.83815 6 251.1872 41.7588 6 237.3763 41.58451 6 236.0808 41.62351 6 234.7743 28.395 6 218.0453 38.97309 6 222.3912 36.63585 6 222.211 43.80775 6 230.1198 34.35522 6 221.6689 42.98164 6 231.1328 32.1869 6 220.7781 30.18386 6 219.5603 42.33152 6 232.2668 41.87475 6 233.4915 11.42827 6 168.7638 11.62344 6 166.4278 11.59944 6 171.1018 13.77439 6 182.2891 15.64081 6 188.9436 16.8521 6 193.2624 20.81214 6 203.949 25.6283 6 214.2781 5.200296 6 151.5622 19.60072 6 147.6338 18.29668 6 147.7236 26.5009 6 151.5622 15.73166 6 147.266 14.53917 6 146.7307 13.44976 6 146.0084 12.49251 6 145.1183 11.693 6 144.0842 11.07255 6 142.9337 10.64774 6 141.6975 16.99542 6 147.6 10.4299 6 140.4087 10.42485 6 139.1016 12.07583 6 125.9808 14.95743 6 113.0744 18.06366 6 103.5144 19.04392 6 100.4974 26.5009 6 72.57435 24.29888 6 88.36215 26.5009 6 84.36135 43.83815 6 72.57435 46.81899 6 57.54339 47.70703 6 55.37393 50.15442 6 72.57435 48.96733 6 70.94046 47.74186 6 68.94212 46.8427 6 66.77725 46.2918 6 64.49872 46.10263 6 62.16219 46.27981 6 59.82472 89.33352 6 24.0088 91.61553 6 23.47253 93.95323 6 23.29837 96.28952 6 23.49053 98.56733 6 24.04435 100.7311 6 24.9463 102.7278 6 26.17433 104.5089 6 27.69847 48.92222 6 53.36932 50.43489 6 51.57852 58.7702 6 43.80621 67.71008 6 36.73763 77.19527 6 30.41962 87.16292 6 24.89404 113.7895 6 15.68854 114.8339 6 14.90252 115.9924 6 14.29707 117.234 6 13.88834 130.2227 6 11.40398 141.6128 6 10.32446 143.3879 6 10.15623 147.4531 6 10.15623 152.5469 6 10.15623 185.1661 6 14.90252 186.2105 6 15.68854 156.6121 6 10.15623 158.3872 6 10.32446 169.7773 6 11.40398 182.766 6 13.88834 184.0076 6 14.29707 273.4991 6 72.57435 253.1573 6 66.77725 252.2581 6 68.94212 190.6665 6 34.02743 193.9693 6 29.48148 251.0778 6 53.36932 252.293 6 55.37393 195.4911 6 27.69847 197.2722 6 26.17433 199.269 6 24.9463 253.7082 6 64.49872 253.8974 6 62.16219 253.7202 6 59.82472 253.181 6 57.54339 201.4327 6 24.04435 203.7105 6 23.49053 206.0468 6 23.29837 208.3845 6 23.47253 210.6665 6 24.0088 212.8371 6 24.89404 222.8047 6 30.41962 232.2899 6 36.73763 241.2298 6 43.80621 249.5651 6 51.57852 288.307 6 144.0842 288.9275 6 142.9337 289.3523 6 141.6975 289.5701 6 140.4087 287.5075 6 145.1183 286.5503 6 146.0084 285.4609 6 146.7307 284.2684 6 147.266 283.0046 6 147.6 273.4991 6 151.5622 281.7033 6 147.7236 280.3993 6 147.6338 279.1273 6 147.3328 273.4991 6 145.5041 280.3732 6 155.4714 282.3731 6 156.6943 284.1581 6 158.2138 285.6846 6 159.9929 286.9151 6 161.9881 287.1426 6 162.5318 287.8198 6 164.1507 288.3766 6 166.4278 288.5718 6 168.7638 288.4006 6 171.1018 194.2461 6 214.3595 190.6665 6 199.149 193.4732 6 215.4898 192.9045 6 216.7352 195.2003 6 213.3776 196.308 6 212.5728 191.3741 6 199.7534 192.4392 6 271.9832 192.4392 6 251.1872 190.6665 6 251.1872 192.4392 6 219.4236 192.5564 6 218.0594 193.381 6 200.9832 197.5368 6 211.9687 195.5556 6 201.884 198.8505 6 211.583 200.2108 6 211.4269 257.8583 6 238.6261 258.2412 6 237.3763 258.4155 6 236.0808 286.2256 6 182.2891 284.3592 6 188.9436 283.1479 6 193.2624 279.1879 6 203.949 274.3717 6 214.2781 273.4991 6 215.6848 273.136 6 216.2702 271.605 6 218.0453 257.277 6 239.7968 256.5127 6 240.8572 201.5777 6 211.505 202.9114 6 211.8152 256.4109 6 221.657 252.8984 6 228.057 258.6902 6 222.205 254.1044 6 228.5611 261.0269 6 222.3912 255.2122 6 229.2549 263.3642 6 222.211 256.1923 6 230.1198 269.8162 6 219.5603 257.0184 6 231.1328 267.8131 6 220.7781 265.6448 6 221.6689 257.6685 6 232.2668 258.1253 6 233.4915 258.3765 6 234.7743 203.4961 6 279.3761 202.2514 6 279.7752 200.9584 6 279.9663 199.6514 6 279.9443 198.3655 6 279.7097 197.1349 6 279.2689 195.9926 6 278.6336 194.969 6 277.8207 194.0914 6 276.8519 247.4649 6 250.5017 246.6878 6 251.1872 237.5474 6 259.2495 193.3833 6 275.7532 192.8635 6 274.5539 192.546 6 273.2859 215.4645 6 273.7514 226.8488 6 267.0225 177.1369 6 286.6804 185.2671 6 273.346 185.0839 6 275.6831 184.5389 6 277.963 183.6453 6 280.1302 182.425 6 282.1317 180.9077 6 283.9186 179.1306 6 285.4473 174.9756 6 287.5879 172.6992 6 288.1476 161.3873 6 289.5361 158.3872 6 289.6583 187.8494 6 17.71407 188.4001 6 18.89952 188.7504 6 20.15883 188.891 6 21.45837 188.8181 6 22.76346 188.5336 6 24.03927 112.6342 6 26.36843 111.9548 6 25.25171 111.2496 6 20.15883 111.5999 6 18.89952 112.1507 6 17.71407 112.8768 6 16.64913 112.8871 6 16.63414 112.9196 6 16.60006 111.4664 6 24.03927 111.1819 6 22.76346 111.109 6 21.45837 147.4531 6 72.57435 147.4531 6 71.74176 141.6128 6 72.57435 146.6767 6 71.46475 145.4845 6 70.79147 144.4245 6 69.92475 143.5279 6 68.88997 141.6128 6 66.25414 152.0337 6 71.92487 150.6846 6 72.15834 152.5469 6 72.57435 149.3154 6 72.15834 147.9663 6 71.92487 188.0452 6 25.25171 187.3658 6 26.36843 162.6605 6 72.57435 158.3872 6 66.25414 158.3872 6 72.57435 156.4721 6 68.88997 155.5755 6 69.92475 154.5155 6 70.79147 153.3233 6 71.46475 152.5469 6 71.74176 153.6786 6 87.71837 154.228 6 85.42964 153.4939 6 90.06488 155.1288 6 83.25503 156.3586 6 81.24811 158.3872 6 78.45605 155.4327 6 131.9214 154.3662 6 129.5861 152.5469 6 144.2951 152.5744 6 144.3048 158.3872 6 135.5896 156.8818 6 134.0405 153.4939 6 103.5144 152.5469 6 103.5144 153.4939 6 124.5454 153.7136 6 127.1032 153.4998 6 144.8218 154.3246 6 145.4878 155.025 6 146.2835 156.2444 6 150.2653 156.1097 6 151.3168 158.3872 6 151.5622 155.5808 6 147.1862 155.976 6 148.1699 156.1994 6 149.2061 165.515 6 139.2466 163.0518 6 138.5233 160.7479 6 137.3906 158.671 6 135.8816 229.1402 6 131.091 227.879 6 130.558 217.3519 6 134.8019 213.422 6 122.7071 223.6645 6 122.5706 223.9364 6 121.2287 223.6254 6 123.9393 211.8934 6 124.4969 223.8203 6 125.2945 210.1035 6 126.0256 208.0966 6 127.2554 268.9346 6 151.5622 273.4991 6 153.0453 278.2072 6 154.575 205.922 6 128.1562 190.6665 6 133.113 224.2434 6 126.5967 226.7272 6 129.8178 225.7184 6 128.8919 215.0631 6 134.2524 224.8823 6 127.8077 212.7166 6 134.0678 210.3701 6 134.2524 168.8726 6 149.5802 170.764 6 147.8443 170.6286 6 139.3927 172.9237 6 146.4563 173.1291 6 138.8112 175.2885 6 145.457 190.6665 6 140.4604 208.0814 6 134.8019 224.4332 6 119.9528 225.1402 6 118.7803 227.3663 6 103.5144 236.2315 6 103.5144 249.8456 6 72.57435 256.0339 6 76.25872 251.0327 6 70.94046 262.8177 6 72.96707 268.5523 6 75.72231 267.6184 6 74.80765 266.5482 6 74.05726 269.3246 6 76.77682 273.4991 6 84.36135 275.7012 6 88.36215 280.9561 6 100.4974 281.9364 6 103.5144 285.0426 6 113.0744 287.9242 6 125.9808 289.5752 6 139.1016 264.1153 6 73.12453 265.37 6 73.49119 256.8861 6 75.26753 257.8883 6 74.42835 259.0137 6 73.76355 260.2324 6 73.29091 261.5118 6 73.02304 30.67539 6 76.77682 31.44778 6 75.72231 32.38158 6 74.80765 33.45186 6 74.05726 34.63005 6 73.49119 38.48825 6 73.02304 37.18231 6 72.96707 35.8847 6 73.12453 39.76763 6 73.29091 40.98631 6 73.76355 42.11177 6 74.42835 74.28157 6 128.8919 73.27283 6 129.8178 82.64814 6 134.8019 43.11394 6 75.26753 43.83815 6 76.10993 43.96607 6 76.25872 72.63367 6 103.5144 63.76847 6 103.5144 86.57799 6 122.7071 74.85978 6 118.7803 75.56683 6 119.9528 89.62992 6 134.2524 91.91865 6 134.8019 75.75663 6 126.5967 76.17974 6 125.2945 94.07799 6 128.1562 75.11767 6 127.8077 84.93688 6 134.2524 87.2834 6 134.0678 72.12098 6 130.558 70.85978 6 131.091 43.83815 6 147.412 43.83815 6 139.8708 31.06539 6 151.5622 26.5009 6 145.5041 20.87271 6 147.3328 76.06359 6 121.2287 76.3355 6 122.5706 88.10664 6 124.4969 76.3746 6 123.9393 89.89646 6 126.0256 91.90338 6 127.2554 44.78779 6 229.2549 43.83815 6 221.5761 43.83815 6 230.093 43.58909 6 221.657 41.30986 6 222.205 105.7539 6 214.3595 106.5268 6 215.4898 109.3335 6 199.149 107.0956 6 216.7352 107.4436 6 218.0594 45.89559 6 228.5611 47.10158 6 228.057 104.4444 6 201.884 97.08866 6 211.8152 98.42227 6 211.505 99.78924 6 211.4269 101.1495 6 211.583 106.619 6 200.9832 102.4633 6 211.9687 108.6259 6 199.7534 103.692 6 212.5728 104.7997 6 213.3776 52.53513 6 250.5017 43.83815 6 241.2313 43.48728 6 240.8572 134.485 6 139.2466 131.9345 6 139.5392 132.6557 6 151.5622 141.6128 6 151.5622 141.6128 6 135.5896 141.329 6 135.8816 131.1274 6 149.5802 124.7115 6 145.457 126.8709 6 138.8112 112.9196 6 134.2782 139.2521 6 137.3906 136.9482 6 138.5233 143.9654 6 151.5622 143.8903 6 151.3168 146.5061 6 90.06488 146.5061 6 103.5144 147.4531 6 103.5144 146.5061 6 124.5454 147.4531 6 144.2951 146.2864 6 127.1032 145.6338 6 129.5861 144.5673 6 131.9214 143.1182 6 134.0405 143.7556 6 150.2653 143.8006 6 149.2061 144.024 6 148.1699 144.4192 6 147.1862 144.975 6 146.2835 145.6754 6 145.4878 146.5002 6 144.8218 147.4256 6 144.3048 144.8712 6 83.25503 145.772 6 85.42964 146.3214 6 87.71837 112.9196 6 26.76129 112.9196 6 38.9632 137.3395 6 72.57435 141.6128 6 78.45605 143.6414 6 81.24811 168.0655 6 139.5392 167.3443 6 151.5622 167.3049 6 151.6132 166.1069 6 153.8838 163.7114 6 156.7968 163.7229 6 157.0679 165.0215 6 161.4327 161.3441 6 158.3968 161.1192 6 158.2449 158.3872 6 162.5318 163.6884 6 157.3371 163.609 6 157.5966 163.4868 6 157.8389 163.6542 6 156.5315 164.9482 6 158.8665 163.553 6 156.2797 165.3135 6 156.3254 163.4107 6 156.0486 163.3254 6 158.0571 163.1295 6 158.2449 165.2442 6 162.5318 162.9047 6 158.3968 162.6574 6 158.5086 161.5913 6 158.5086 162.3948 6 158.577 162.1244 6 158.6 161.854 6 158.577 160.9233 6 158.0571 160.7619 6 157.8389 160.6397 6 157.5966 160.5603 6 157.3371 160.5258 6 157.0679 160.5373 6 156.7968 160.5945 6 156.5315 160.6957 6 156.2797 160.838 6 156.0486 161.0173 6 155.8449 161.2284 6 155.6744 161.4653 6 155.542 161.7212 6 155.4516 161.9887 6 155.4058 162.2601 6 155.4058 162.5275 6 155.4516 162.7834 6 155.542 163.0203 6 155.6744 163.2315 6 155.8449 185.0824 6 207.0124 185.2671 6 209.359 185.2671 6 251.1872 182.4024 6 200.5422 188.0556 6 196.4349 173.9755 6 188.9436 182.6129 6 188.9436 162.1352 6 172.6469 167.7885 6 168.5396 160.4541 6 170.7067 110.4158 6 198.2247 111.9444 6 196.4349 112.9196 6 195.0927 114.7329 6 251.1872 114.7329 6 209.359 114.9176 6 207.0124 115.467 6 204.7237 134.7558 6 162.5318 134.4687 6 163.9488 141.6128 6 169.0367 116.3678 6 202.5491 117.5976 6 200.5422 117.3871 6 188.9436 126.0245 6 188.9436 132.2115 6 168.5396 137.8647 6 172.6469 133.5372 6 166.3411 139.5459 6 170.7067 141.5334 6 169.0816 132.6951 6 151.6132 133.8931 6 153.8838 137.3426 6 158.5086 135.0518 6 158.8665 137.6053 6 158.577 137.8757 6 158.6 139.3043 6 156.2797 139.162 6 156.0486 138.9828 6 155.8449 139.4055 6 156.5315 139.4627 6 156.7968 141.6128 6 162.5318 139.4742 6 157.0679 139.4397 6 157.3371 139.3603 6 157.5966 139.2381 6 157.8389 136.447 6 156.2797 134.6864 6 156.3254 136.3458 6 156.5315 136.2886 6 156.7968 136.5892 6 156.0486 136.7686 6 155.8449 136.9797 6 155.6744 138.0113 6 155.4058 138.2788 6 155.4516 139.0767 6 158.0571 138.8808 6 158.2449 138.656 6 158.3968 134.9785 6 161.4327 138.1461 6 158.577 138.4087 6 158.5086 136.3116 6 157.3371 136.2771 6 157.0679 136.6746 6 158.0571 136.5132 6 157.8389 136.391 6 157.5966 137.2166 6 155.542 137.4725 6 155.4516 137.74 6 155.4058 138.5347 6 155.542 138.7716 6 155.6744 137.0953 6 158.3968 136.8705 6 158.2449 12.18018 6 164.1507 12.85744 6 162.5318 13.0849 6 161.9881 14.31549 6 159.9929 15.84192 6 158.2138 17.62688 6 156.6943 19.6268 6 155.4714 21.79281 6 154.575 26.5009 6 153.0453 152.5469 6 162.5318 152.5469 6 166.7373 153.8133 6 166.9565 166.4627 6 166.3411 165.5313 6 163.9488 158.4667 6 169.0816 158.3872 6 169.0367 156.2312 6 167.8192 147.4531 6 162.5318 147.4531 6 166.7373 148.7164 6 166.5187 151.2836 6 166.5187 143.7688 6 167.8192 146.1867 6 166.9565 148.9438 6 156.1601 150 6 156.25 151.0563 6 156.1601 152.0821 6 155.893 156.0346 6 151.5622 155.7993 6 152.3303 155.3221 6 153.2769 154.6917 6 154.1292 153.9264 6 154.8627 153.0481 6 155.4563 152.5469 6 155.6829 149.467 6 137.5086 148.4251 6 143.9517 150.7803 6 137.3968 151.5749 6 143.9517 150.53 6 143.7725 150.533 6 137.5086 150.2704 6 137.577 149.47 6 143.7725 150 6 137.6 149.7296 6 137.577 149.2197 6 137.3968 148.9949 6 137.2449 148.7989 6 137.0571 148.6376 6 136.8389 148.5154 6 136.5966 148.4359 6 136.3371 148.5713 6 135.2797 148.7136 6 135.0486 150.4032 6 134.4516 150.659 6 134.542 150.896 6 134.6744 148.4014 6 136.0679 148.413 6 135.7968 148.4701 6 135.5315 148.8929 6 134.8449 149.104 6 134.6744 149.341 6 134.542 149.5968 6 134.4516 149.8643 6 134.4058 150.1357 6 134.4058 151.5641 6 136.3371 151.4846 6 136.5966 151.3625 6 136.8389 151.1071 6 134.8449 151.2864 6 135.0486 151.4287 6 135.2797 151.5299 6 135.5315 151.587 6 135.7968 151.5986 6 136.0679 151.2011 6 137.0571 151.0052 6 137.2449 147.9179 6 155.893 147.4531 6 155.6829 146.9519 6 155.4563 146.0736 6 154.8627 145.3083 6 154.1292 144.6779 6 153.2769 144.2007 6 152.3303 143.7688 0 167.8192 141.6128 0 169.0367 141.6128 0 162.5318 111.9444 0 196.4349 112.9196 0 195.0927 112.9196 0 251.1872 132.6951 0 151.6132 132.6557 0 151.5622 141.6128 0 151.5622 189.5843 0 198.2247 190.6665 0 199.149 185.0824 0 207.0124 107.5608 0 271.9832 107.5608 0 251.1872 109.3335 0 251.1872 48.96733 0 70.94046 50.15442 0 72.57435 43.83815 0 72.57435 193.9693 0 29.48148 190.6665 0 34.02743 190.6665 0 16.64913 172.6992 0 288.1476 174.9756 0 287.5879 180.9077 0 283.9186 179.1306 0 285.4473 177.1369 0 286.6804 182.425 0 282.1317 183.6453 0 280.1302 184.5389 0 277.963 161.3873 0 289.5361 158.3872 0 289.6583 152.5469 0 289.8963 150 0 290 147.4531 0 289.8963 199.6514 0 279.9443 200.9584 0 279.9663 198.3655 0 279.7097 197.1349 0 279.2689 192.546 0 273.2859 192.4392 0 271.9832 190.6665 0 251.1872 192.8635 0 274.5539 193.3833 0 275.7532 194.0914 0 276.8519 194.969 0 277.8207 195.9926 0 278.6336 202.9114 0 211.8152 201.5777 0 211.505 195.5556 0 201.884 192.9045 0 216.7352 193.4732 0 215.4898 194.2461 0 214.3595 192.5564 0 218.0594 192.4392 0 219.4236 192.4392 0 251.1872 257.277 0 239.7968 257.8583 0 238.6261 258.4155 0 236.0808 258.3765 0 234.7743 273.136 0 216.2702 273.4991 0 215.6848 271.605 0 218.0453 200.2108 0 211.4269 198.8505 0 211.583 193.381 0 200.9832 197.5368 0 211.9687 191.3741 0 199.7534 196.308 0 212.5728 195.2003 0 213.3776 258.2412 0 237.3763 256.1923 0 230.1198 265.6448 0 221.6689 257.0184 0 231.1328 267.8131 0 220.7781 258.1253 0 233.4915 257.6685 0 232.2668 269.8162 0 219.5603 252.8984 0 228.057 256.4109 0 221.657 254.1044 0 228.5611 258.6902 0 222.205 255.2122 0 229.2549 261.0269 0 222.3912 263.3642 0 222.211 202.2514 0 279.7752 203.4961 0 279.3761 215.4645 0 273.7514 226.8488 0 267.0225 237.5474 0 259.2495 246.6878 0 251.1872 247.4649 0 250.5017 256.5127 0 240.8572 283.1479 0 193.2624 279.1879 0 203.949 274.3717 0 214.2781 284.3592 0 188.9436 286.2256 0 182.2891 288.4006 0 171.1018 288.5718 0 168.7638 288.3766 0 166.4278 284.1581 0 158.2138 282.3731 0 156.6943 287.8198 0 164.1507 287.1426 0 162.5318 286.9151 0 161.9881 285.6846 0 159.9929 280.3732 0 155.4714 278.2072 0 154.575 273.4991 0 151.5622 273.4991 0 153.0453 268.9346 0 151.5622 283.0046 0 147.6 284.2684 0 147.266 285.4609 0 146.7307 286.5503 0 146.0084 287.5075 0 145.1183 288.307 0 144.0842 288.9275 0 142.9337 289.3523 0 141.6975 281.7033 0 147.7236 280.3993 0 147.6338 273.4991 0 72.57435 289.5701 0 140.4087 289.5752 0 139.1016 287.9242 0 125.9808 285.0426 0 113.0744 281.9364 0 103.5144 280.9561 0 100.4974 275.7012 0 88.36215 273.4991 0 84.36135 249.8456 0 72.57435 251.0327 0 70.94046 201.4327 0 24.04435 199.269 0 24.9463 252.2581 0 68.94212 253.1573 0 66.77725 253.7082 0 64.49872 253.8974 0 62.16219 197.2722 0 26.17433 195.4911 0 27.69847 210.6665 0 24.0088 208.3845 0 23.47253 206.0468 0 23.29837 203.7105 0 23.49053 252.293 0 55.37393 253.181 0 57.54339 253.7202 0 59.82472 251.0778 0 53.36932 249.5651 0 51.57852 241.2298 0 43.80621 232.2899 0 36.73763 222.8047 0 30.41962 212.8371 0 24.89404 186.2105 0 15.68854 185.1661 0 14.90252 184.0076 0 14.29707 182.766 0 13.88834 169.7773 0 11.40398 158.3872 0 10.32446 156.6121 0 10.15623 152.5469 0 10.15623 147.4531 0 10.15623 143.3879 0 10.15623 141.6128 0 10.32446 130.2227 0 11.40398 117.234 0 13.88834 115.9924 0 14.29707 114.8339 0 14.90252 109.3335 0 16.64913 48.92222 0 53.36932 47.70703 0 55.37393 46.81899 0 57.54339 46.27981 0 59.82472 46.10263 0 62.16219 46.2918 0 64.49872 109.3335 0 34.02743 106.0307 0 29.48148 46.8427 0 66.77725 47.74186 0 68.94212 104.5089 0 27.69847 102.7278 0 26.17433 100.7311 0 24.9463 98.56733 0 24.04435 96.28952 0 23.49053 93.95323 0 23.29837 91.61553 0 23.47253 89.33352 0 24.0088 87.16292 0 24.89404 77.19527 0 30.41962 67.71008 0 36.73763 58.7702 0 43.80621 50.43489 0 51.57852 26.5009 0 72.57435 10.42485 0 139.1016 10.4299 0 140.4087 5.200296 0 151.5622 10.64774 0 141.6975 11.07255 0 142.9337 11.693 0 144.0842 12.49251 0 145.1183 13.44976 0 146.0084 14.53917 0 146.7307 18.29668 0 147.7236 26.5009 0 151.5622 16.99542 0 147.6 15.73166 0 147.266 19.60072 0 147.6338 20.87271 0 147.3328 26.5009 0 145.5041 12.07583 0 125.9808 5.200296 0 162.5318 12.18018 0 164.1507 11.62344 0 166.4278 11.42827 0 168.7638 11.59944 0 171.1018 13.77439 0 182.2891 15.64081 0 188.9436 16.8521 0 193.2624 20.81214 0 203.949 25.6283 0 214.2781 26.5009 0 215.6848 43.80775 0 230.1198 34.35522 0 221.6689 36.63585 0 222.211 38.97309 0 222.3912 41.30986 0 222.205 43.83815 0 230.093 42.33152 0 232.2668 28.395 0 218.0453 42.98164 0 231.1328 30.18386 0 219.5603 32.1869 0 220.7781 41.87475 0 233.4915 41.62351 0 234.7743 26.86401 0 216.2702 41.58451 0 236.0808 41.7588 0 237.3763 42.14173 0 238.6261 42.72306 0 239.7968 96.50387 0 279.3761 97.74858 0 279.7752 43.48728 0 240.8572 43.83815 0 241.2313 43.83815 0 251.1872 102.8651 0 279.2689 104.0074 0 278.6336 105.031 0 277.8207 105.9086 0 276.8519 84.53549 0 273.7514 73.1512 0 267.0225 62.4526 0 259.2495 53.31222 0 251.1872 99.04166 0 279.9663 100.3486 0 279.9443 101.6345 0 279.7097 106.6167 0 275.7532 107.1365 0 274.5539 107.454 0 273.2859 114.9161 0 275.6831 115.4611 0 277.963 114.7329 0 273.346 116.3547 0 280.1302 117.575 0 282.1317 119.0923 0 283.9186 120.8694 0 285.4473 122.8631 0 286.6804 125.0245 0 287.5879 127.3008 0 288.1476 138.6127 0 289.5361 141.6128 0 289.6583 187.3658 0 26.36843 188.0452 0 25.25171 188.7504 0 20.15883 188.4001 0 18.89952 187.8494 0 17.71407 187.1232 0 16.64913 187.1129 0 16.63414 188.5336 0 24.03927 188.8181 0 22.76346 188.891 0 21.45837 152.5469 0 72.57435 152.5469 0 71.74176 158.3872 0 72.57435 153.3233 0 71.46475 154.5155 0 70.79147 155.5755 0 69.92475 156.4721 0 68.88997 158.3872 0 66.25414 149.3154 0 72.15834 150.6846 0 72.15834 152.0337 0 71.92487 144.4245 0 69.92475 145.4845 0 70.79147 141.6128 0 72.57435 146.6767 0 71.46475 147.4531 0 72.57435 147.4531 0 71.74176 147.9663 0 71.92487 111.5999 0 18.89952 111.2496 0 20.15883 112.1507 0 17.71407 113.7895 0 15.68854 112.9196 0 16.60006 112.8871 0 16.63414 112.8768 0 16.64913 111.109 0 21.45837 111.1819 0 22.76346 111.4664 0 24.03927 111.9548 0 25.25171 112.6342 0 26.36843 112.9196 0 38.9632 112.9196 0 26.76129 137.3395 0 72.57435 141.6128 0 66.25414 143.5279 0 68.88997 158.3872 0 135.5896 158.671 0 135.8816 158.3872 0 151.5622 160.7479 0 137.3906 168.0655 0 139.5392 170.6286 0 139.3927 170.764 0 147.8443 190.6665 0 133.113 190.6665 0 140.4604 173.1291 0 138.8112 175.2885 0 145.457 172.9237 0 146.4563 163.0518 0 138.5233 165.515 0 139.2466 167.3443 0 151.5622 168.8726 0 149.5802 153.7136 0 127.1032 152.5469 0 144.2951 153.4939 0 124.5454 152.5469 0 103.5144 154.3662 0 129.5861 155.4327 0 131.9214 156.8818 0 134.0405 156.0346 0 151.5622 156.1097 0 151.3168 155.5808 0 147.1862 155.025 0 146.2835 156.2444 0 150.2653 156.1994 0 149.2061 155.976 0 148.1699 154.3246 0 145.4878 153.4998 0 144.8218 152.5744 0 144.3048 155.1288 0 83.25503 154.228 0 85.42964 162.6605 0 72.57435 158.3872 0 78.45605 156.3586 0 81.24811 153.6786 0 87.71837 153.4939 0 90.06488 153.4939 0 103.5144 259.0137 0 73.76355 257.8883 0 74.42835 269.3246 0 76.77682 268.5523 0 75.72231 267.6184 0 74.80765 266.5482 0 74.05726 265.37 0 73.49119 260.2324 0 73.29091 264.1153 0 73.12453 262.8177 0 72.96707 261.5118 0 73.02304 256.8861 0 75.26753 256.0339 0 76.25872 227.3663 0 103.5144 236.2315 0 103.5144 213.422 0 122.7071 225.1402 0 118.7803 224.4332 0 119.9528 223.9364 0 121.2287 223.6645 0 122.5706 211.8934 0 124.4969 223.6254 0 123.9393 210.1035 0 126.0256 223.8203 0 125.2945 208.0966 0 127.2554 205.922 0 128.1562 224.2434 0 126.5967 212.7166 0 134.0678 210.3701 0 134.2524 226.7272 0 129.8178 227.879 0 130.558 217.3519 0 134.8019 229.1402 0 131.091 273.4991 0 145.5041 279.1273 0 147.3328 208.0814 0 134.8019 215.0631 0 134.2524 224.8823 0 127.8077 225.7184 0 128.8919 34.63005 0 73.49119 33.45186 0 74.05726 32.38158 0 74.80765 31.44778 0 75.72231 30.67539 0 76.77682 26.5009 0 84.36135 24.29888 0 88.36215 19.04392 0 100.4974 18.06366 0 103.5144 14.95743 0 113.0744 43.11394 0 75.26753 42.11177 0 74.42835 40.98631 0 73.76355 39.76763 0 73.29091 38.48825 0 73.02304 37.18231 0 72.96707 35.8847 0 73.12453 76.3355 0 122.5706 76.06359 0 121.2287 86.57799 0 122.7071 70.85978 0 131.091 72.12098 0 130.558 82.64814 0 134.8019 75.75663 0 126.5967 109.3335 0 140.4604 91.91865 0 134.8019 75.56683 0 119.9528 74.85978 0 118.7803 72.63367 0 103.5144 63.76847 0 103.5144 43.96607 0 76.25872 43.83815 0 76.10993 43.83815 0 139.8708 73.27283 0 129.8178 74.28157 0 128.8919 84.93688 0 134.2524 75.11767 0 127.8077 87.2834 0 134.0678 89.62992 0 134.2524 109.3335 0 133.113 76.17974 0 125.2945 94.07799 0 128.1562 91.90338 0 127.2554 76.3746 0 123.9393 88.10664 0 124.4969 89.89646 0 126.0256 43.83815 0 147.412 31.06539 0 151.5622 104.4444 0 201.884 101.1495 0 211.583 99.78924 0 211.4269 107.5608 0 219.4236 107.4436 0 218.0594 109.3335 0 199.149 107.0956 0 216.7352 106.5268 0 215.4898 105.7539 0 214.3595 104.7997 0 213.3776 103.692 0 212.5728 43.58909 0 221.657 43.83815 0 221.5761 44.78779 0 229.2549 45.89559 0 228.5611 102.4633 0 211.9687 106.619 0 200.9832 108.6259 0 199.7534 98.42227 0 211.505 97.08866 0 211.8152 47.10158 0 228.057 52.53513 0 250.5017 144.5673 0 131.9214 145.6338 0 129.5861 147.4531 0 144.2951 143.7556 0 150.2653 143.8903 0 151.3168 146.2864 0 127.1032 146.5061 0 124.5454 147.4531 0 103.5144 147.4256 0 144.3048 141.6128 0 135.5896 143.1182 0 134.0405 146.5002 0 144.8218 145.6754 0 145.4878 144.975 0 146.2835 144.4192 0 147.1862 144.024 0 148.1699 143.8006 0 149.2061 136.9482 0 138.5233 139.2521 0 137.3906 141.329 0 135.8816 131.9345 0 139.5392 134.485 0 139.2466 131.1274 0 149.5802 129.236 0 147.8443 129.3714 0 139.3927 127.0763 0 146.4563 126.8709 0 138.8112 124.7115 0 145.457 112.9196 0 134.2782 112.9196 0 141.6255 146.5061 0 103.5144 146.5061 0 90.06488 146.3214 0 87.71837 145.772 0 85.42964 144.8712 0 83.25503 143.6414 0 81.24811 141.6128 0 78.45605 166.4627 0 166.3411 158.4667 0 169.0816 165.5313 0 163.9488 158.3872 0 169.0367 163.4868 0 157.8389 163.609 0 157.5966 167.3049 0 151.6132 163.6884 0 157.3371 163.7229 0 157.0679 163.1295 0 158.2449 165.3135 0 156.3254 164.9482 0 158.8665 163.7114 0 156.7968 163.6542 0 156.5315 163.553 0 156.2797 163.4107 0 156.0486 163.2315 0 155.8449 163.0203 0 155.6744 162.7834 0 155.542 166.1069 0 153.8838 163.3254 0 158.0571 160.5603 0 157.3371 160.6397 0 157.5966 158.3872 0 162.5318 162.3948 0 158.577 162.6574 0 158.5086 162.9047 0 158.3968 160.7619 0 157.8389 160.9233 0 158.0571 161.1192 0 158.2449 161.3441 0 158.3968 161.5913 0 158.5086 161.854 0 158.577 162.5275 0 155.4516 162.2601 0 155.4058 161.9887 0 155.4058 165.2442 0 162.5318 165.0215 0 161.4327 162.1244 0 158.6 161.7212 0 155.4516 161.4653 0 155.542 161.2284 0 155.6744 161.0173 0 155.8449 160.838 0 156.0486 160.6957 0 156.2797 160.5945 0 156.5315 160.5373 0 156.7968 160.5258 0 157.0679 185.0839 0 275.6831 185.2671 0 273.346 185.2671 0 251.1872 185.2671 0 209.359 184.533 0 204.7237 183.6322 0 202.5491 188.0556 0 196.4349 182.4024 0 200.5422 182.6129 0 188.9436 173.9755 0 188.9436 167.7885 0 168.5396 162.1352 0 172.6469 160.4541 0 170.7067 139.4055 0 156.5315 139.3043 0 156.2797 139.3603 0 157.5966 139.4397 0 157.3371 139.4742 0 157.0679 139.4627 0 156.7968 138.0113 0 155.4058 137.74 0 155.4058 134.7558 0 162.5318 134.9785 0 161.4327 135.0518 0 158.8665 138.656 0 158.3968 138.8808 0 158.2449 139.162 0 156.0486 138.9828 0 155.8449 138.7716 0 155.6744 133.8931 0 153.8838 137.4725 0 155.4516 136.7686 0 155.8449 134.6864 0 156.3254 136.9797 0 155.6744 137.2166 0 155.542 137.6053 0 158.577 137.8757 0 158.6 138.1461 0 158.577 138.4087 0 158.5086 139.0767 0 158.0571 139.2381 0 157.8389 138.5347 0 155.542 138.2788 0 155.4516 136.5892 0 156.0486 136.447 0 156.2797 136.3458 0 156.5315 136.2886 0 156.7968 136.2771 0 157.0679 136.3116 0 157.3371 136.391 0 157.5966 136.5132 0 157.8389 136.6746 0 158.0571 136.8705 0 158.2449 137.0953 0 158.3968 137.3426 0 158.5086 134.4687 0 163.9488 133.5372 0 166.3411 116.3678 0 202.5491 115.467 0 204.7237 114.9176 0 207.0124 114.7329 0 209.359 114.7329 0 251.1872 141.5334 0 169.0816 139.5459 0 170.7067 132.2115 0 168.5396 137.8647 0 172.6469 117.3871 0 188.9436 126.0245 0 188.9436 117.5976 0 200.5422 110.4158 0 198.2247 19.6268 0 155.4714 17.62688 0 156.6943 15.84192 0 158.2138 26.5009 0 153.0453 21.79281 0 154.575 14.31549 0 159.9929 13.0849 0 161.9881 12.85744 0 162.5318 146.1867 0 166.9565 147.4531 0 162.5318 147.4531 0 166.7373 153.8133 0 166.9565 152.5469 0 166.7373 152.5469 0 162.5318 151.2836 0 166.5187 148.7164 0 166.5187 156.2312 0 167.8192 147.9179 0 155.893 148.9438 0 156.1601 150 0 156.25 151.0563 0 156.1601 145.3083 0 154.1292 146.0736 0 154.8627 146.9519 0 155.4563 147.4531 0 155.6829 143.9654 0 151.5622 144.2007 0 152.3303 144.6779 0 153.2769 150.533 0 137.5086 150.7803 0 137.3968 150.53 0 143.7725 150.1357 0 134.4058 149.8643 0 134.4058 151.5749 0 143.9517 148.4359 0 136.3371 148.5154 0 136.5966 148.9949 0 137.2449 149.2197 0 137.3968 149.467 0 137.5086 148.4251 0 143.9517 149.7296 0 137.577 149.47 0 143.7725 150 0 137.6 150.2704 0 137.577 151.0052 0 137.2449 151.2011 0 137.0571 151.3625 0 136.8389 151.4846 0 136.5966 151.5641 0 136.3371 151.1071 0 134.8449 151.2864 0 135.0486 151.4287 0 135.2797 150.896 0 134.6744 150.659 0 134.542 150.4032 0 134.4516 149.5968 0 134.4516 149.341 0 134.542 149.104 0 134.6744 148.6376 0 136.8389 148.7989 0 137.0571 148.8929 0 134.8449 148.7136 0 135.0486 148.5713 0 135.2797 148.4701 0 135.5315 148.413 0 135.7968 148.4014 0 136.0679 151.5986 0 136.0679 151.587 0 135.7968 151.5299 0 135.5315 153.9264 0 154.8627 154.6917 0 154.1292 155.3221 0 153.2769 155.7993 0 152.3303 152.0821 0 155.893 152.5469 0 155.6829 153.0481 0 155.4563</float_array>
          <technique_common>
            <accessor source="#塑料轮_平面-mesh-positions-array" count="1588" stride="3">
              <param name="X" type="float"/>
              <param name="Y" type="float"/>
              <param name="Z" type="float"/>
            </accessor>
          </technique_common>
        </source>
        <source id="塑料轮_平面-mesh-normals">
          <float_array id="塑料轮_平面-mesh-normals-array" count="3492">-0.1538907 0 -0.9880879 -0.2546721 0 -0.9670275 -0.2546719 0 -0.9670276 -0.2546682 0 -0.9670286 -0.2546713 0 -0.9670277 -0.2546716 0 -0.9670276 -0.3527524 0 -0.9357168 -0.3527523 0 -0.9357168 -0.4470936 0 -0.8944873 -0.4470934 0 -0.8944873 -0.4470944 0 -0.8944868 -0.4470947 0 -0.8944867 -0.536696 0 -0.8437758 -0.5366957 0 -0.8437759 -0.6206098 0 -0.7841196 -0.6979441 0 -0.7161523 -0.6979436 0 -0.7161528 -0.6979451 0 -0.7161513 -0.6979432 0 -0.7161532 -0.7678806 0 -0.6405931 -0.7678803 0 -0.6405933 -0.829677 0 -0.5582438 -0.8296775 0 -0.558243 -0.8296776 0 -0.5582428 -0.8296458 0 -0.5582903 -0.8296331 0 -0.5583091 -0.8826794 0 -0.4699757 -0.8826792 0 -0.469976 -0.9263239 0 -0.3767283 -0.9263237 0 -0.3767288 -0.96015 0 -0.2794855 -0.9601502 0 -0.2794848 -0.9601492 0 -0.2794878 -0.9601497 0 -0.2794865 -0.9837981 0 -0.1792805 -0.983798 0 -0.1792802 -0.9970176 0 -0.07717561 -0.9970176 0 -0.07717537 -0.9996685 0 0.02574807 -0.9996685 0 0.02574819 -0.9996685 0 0.02574735 -0.9917227 0 0.1283985 -0.9917231 0 0.1283958 -0.9917227 0 0.1283989 -0.9917228 0 0.1283985 -0.9732644 0 0.2296881 -0.9732673 0 0.2296751 -0.9732654 0 0.2296838 -0.9732639 0 0.2296897 -0.9444892 0 0.3285425 -0.9057023 0 0.4239145 -0.9057028 0 0.4239135 -0.8573144 0 0.5147933 -0.8573151 0 0.5147921 -0.7998361 0 0.6002185 -0.7998405 0 0.6002126 -0.7998384 0 0.6002155 -0.7338854 0 0.6792733 -0.7338844 0 0.6792744 -0.7338825 0 0.6792765 -0.6601523 0 0.7511318 -0.6601538 0 0.7511306 -0.5794212 0 0.8150283 -0.4925462 0 0.8702864 -0.4925481 0 0.8702852 -0.4004576 0 0.9163153 -0.4004532 0 0.9163173 -0.3041118 0 0.9526363 -0.3041176 0 0.9526346 -0.304108 0 0.9526376 -0.2045436 0 0.9788575 -0.2045777 0 0.9788504 -0.2045522 0 0.9788557 -0.102822 0 0.9946998 -0.1028192 0 0.9947001 -0.1028021 0 0.9947019 -0.02574282 0 0.9996687 -0.02575069 0 0.9996684 -0.02576088 0 0.9996681 -0.02574491 0 0.9996686 0.02574473 0 0.9996685 0.02576071 0 0.9996681 0.02575069 0 0.9996684 0.02574282 0 0.9996687 0.1028044 0 0.9947016 0.1028192 0 0.9947001 0.1028219 0 0.9946998 0.204554 0 0.9788554 0.2045515 0 0.9788559 0.3041071 0 0.9526379 0.3041178 0 0.9526345 0.304112 0 0.9526363 0.4004532 0 0.9163173 0.4004576 0 0.9163153 0.4925479 0 0.8702854 0.492546 0 0.8702865 0.5794212 0 0.8150283 0.6601538 0 0.7511306 0.6601523 0 0.7511318 0.7338848 0 0.679274 0.7338849 0 0.6792739 0.7998383 0 0.6002157 0.7998403 0 0.6002128 0.7998338 0 0.6002215 0.8573154 0 0.5147916 0.8573148 0 0.5147927 0.9057023 0 0.4239144 0.9057019 0 0.4239154 0.9444894 0 0.3285421 0.9732652 0 0.2296842 0.9732667 0 0.2296783 0.973264 0 0.2296894 0.9917228 0 0.1283978 0.9917227 0 0.1283982 0.9917219 0 0.1284048 0.9917215 0 0.1284075 0.9996686 0 0.02574539 0.9996684 0 0.02575308 0.9996684 0 0.02575302 0.9970175 0 -0.07717698 0.9970174 0 -0.07717722 0.9837982 0 -0.1792801 0.9837981 0 -0.1792804 0.96015 0 -0.2794853 0.96015 0 -0.2794857 0.9601514 0 -0.2794805 0.9263237 0 -0.3767288 0.9263239 0 -0.3767283 0.8826788 0 -0.4699768 0.8826789 0 -0.4699766 0.8296685 0 -0.5582564 0.8296812 0 -0.5582375 0.8296771 0 -0.5582437 0.8296774 0 -0.5582432 0.8296769 0 -0.558244 0.7678809 0 -0.6405926 0.7678812 0 -0.6405923 0.6979431 0 -0.7161532 0.6979438 0 -0.7161526 0.6206099 0 -0.7841196 0.5366957 0 -0.8437759 0.536696 0 -0.8437758 0.4470947 0 -0.8944867 0.4470944 0 -0.8944868 0.4470931 0 -0.8944876 0.4470933 0 -0.8944875 0.3527525 0 -0.9357168 0.3527525 0 -0.9357168 0.2546716 0 -0.9670276 0.2546713 0 -0.9670277 0.2546706 0 -0.9670279 0.1538907 0 -0.9880879 0.05147802 0 -0.9986742 0.05147802 0 -0.9986742 0.05147898 0 -0.9986741 0.05148112 0 -0.998674 -0.05148148 0 -0.998674 -0.05147886 0 -0.9986741 -0.05147814 0 -0.9986742 -0.05147814 0 -0.9986742 0 1 0 0 1 -5.80869e-6 0 1 1.44087e-7 0 1 0 0 1 -1.37581e-7 0 1 0 0 1 0 0 1 -2.15602e-7 0 1 0 0 1 0 0 1 -3.49187e-7 0 1 -1.86623e-7 0 1 -1.15339e-6 0 1 8.52802e-7 0 1 4.16004e-7 0 1 0 0 1 2.58647e-7 0 1 2.37551e-7 0 1 0 0 1 -1.69854e-7 0 1 0 0 1 0 0 1 0 0 1 0 0 1 0 0 1 0 0 1 -1.61913e-7 0 1 -2.62306e-7 0 1 4.08082e-7 0 1 -3.5653e-7 0 1 0 0 -1 0 -0.809018 0 -0.587784 -0.809017 0 -0.5877854 -0.809017 0 -0.5877854 0.8090142 0 -0.5877893 0.8090214 0 -0.5877793 0.809017 0 -0.5877853 0.8090171 0 -0.5877852 0.809018 0 -0.587784 -0.187865 0 0.9821949 -0.09435355 0 0.9955388 -0.09435272 0 0.9955388 -0.09435343 0 0.9955388 0 0 1 0.0943526 0 0.9955388 0.09435188 0 0.9955389 0.09435367 0 0.9955388 0.187865 0 0.982195 -0.6819751 0 0.7313754 -0.6819756 0 0.731375 -0.6202274 0 0.7844222 -0.554369 0 0.8322711 -0.5543687 0 0.8322713 -0.4848378 0 0.8746042 -0.4848374 0 0.8746043 -0.8090167 0 -0.5877857 -0.809017 0 -0.5877853 -0.8090171 0 -0.5877851 -0.809017 0 -0.5877854 -0.8090195 0 -0.5877819 -0.809016 0 -0.5877866 -0.309018 0 -0.9510562 -0.3090169 0 -0.9510566 -0.309016 0 -0.9510568 1 0 0 0.809018 0 0.587784 0.8090186 0 0.5877831 0.809017 0 0.5877853 0.809017 0 0.5877853 0.8090161 0 0.5877866 0.8090185 0 0.5877832 0.8090165 0 0.587786 -0.8090171 0 0.5877851 -0.809017 0 0.5877854 -0.8090168 0 0.5877856 -0.3090162 0 -0.9510568 -0.3090182 0 -0.9510561 -0.3090165 0 -0.9510567 -0.3090179 0 -0.9510563 0.8760694 0 0.4821851 0.8760697 0 0.4821847 0.8760689 0 0.482186 0.8760704 0 0.4821832 0.9176568 0 0.3973741 0.9510578 0 0.3090132 0.9510566 0 0.3090168 0.9510563 0 0.309018 0.9759705 0 0.2179032 0.9759703 0 0.2179039 0.9921763 0 0.1248446 0.9921764 0 0.124845 0.3090176 0 0.9510563 0.309017 0 0.9510566 -1 0 0 0.7292848 0 -0.6842103 0.729322 0 -0.6841707 0.7293048 0 -0.684189 0.7293063 0 -0.6841874 0.6614686 0 -0.7499728 0.6615129 0 -0.7499339 0.6614952 0 -0.7499495 0.5877873 0 -0.8090155 0.5088259 0 -0.8608695 0.5088304 0 -0.8608668 0.4253374 0 -0.905035 0.4253323 0 -0.9050373 -0.3090177 0 0.9510564 -0.309017 0 0.9510565 -0.4253323 0 -0.9050373 -0.4253374 0 -0.905035 -0.5088302 0 -0.8608669 -0.5088257 0 -0.8608697 -0.5877876 0 -0.8090153 -0.661495 0 -0.7499496 -0.6615146 0 -0.7499322 -0.6614705 0 -0.7499712 -0.7293055 0 -0.6841883 0.3090172 0 -0.9510565 0.3090186 0 -0.9510561 0.8090173 0 0.5877849 0.809017 0 0.5877854 0.8090171 0 0.5877851 -0.9921763 0 0.1248447 -0.9921764 0 0.1248443 -0.9759699 0 0.2179054 -0.9759701 0 0.2179047 -0.9510564 0 0.3090176 -0.9510568 0 0.3090164 -0.9510581 0 0.3090121 -0.9176571 0 0.3973735 -0.8760699 0 0.4821842 -0.8760684 0 0.482187 -0.8760693 0 0.4821853 -0.876069 0 0.4821858 0.4848374 0 0.8746043 0.4848378 0 0.8746042 0.554369 0 0.8322712 0.5543693 0 0.8322709 0.620227 0 0.7844224 0.6819758 0 0.7313749 0.6819753 0 0.7313752 -0.8090174 0 0.5877849 -0.8090179 0 0.587784 -0.809017 0 0.5877854 -0.8090167 0 0.5877857 -0.8090171 0 0.5877852 -0.809017 0 0.5877853 -0.8090171 0 0.5877853 -0.8090185 0 0.5877832 -0.8090165 0 0.587786 0.3090167 0 -0.9510567 0.3090155 0 -0.9510571 0.3090127 0 -0.9510579 0.3090176 0 -0.9510563 0.3090169 0 -0.9510566 0.309018 0 -0.9510562 0.8090167 0 -0.5877857 0.8090171 0 -0.5877851 0.809017 0 -0.5877854 0.8090195 0 -0.5877819 0.809016 0 -0.5877866 -0.9063205 0 -0.4225911 -0.9063212 0 -0.4225897 -0.9376901 0 -0.3474726 -0.9376907 0 -0.3474714 -0.9628465 0 -0.2700496 -0.9628471 0 -0.2700473 -0.9628456 0 -0.270053 -0.9628464 0 -0.2700499 -0.9816213 0 -0.1908394 -0.981621 0 -0.1908407 0.3090173 0 -0.9510565 0.3090167 0 -0.9510567 0.8090175 0 -0.5877845 0.809017 0 -0.5877854 0.3090176 0 0.9510563 0.3090165 0 0.9510568 0.3090174 0 0.9510564 -0.309017 0 0.9510565 -0.3090208 0 0.9510554 -0.3090175 0 0.9510564 -0.309017 0 0.9510566 0.981621 0 -0.1908408 0.9816213 0 -0.1908394 0.9628468 0 -0.2700486 0.9628459 0 -0.2700517 0.9628463 0 -0.27005 0.9628457 0 -0.2700523 0.9376909 0 -0.3474707 0.9376904 0 -0.3474718 0.9063213 0 -0.4225895 0.9063206 0 -0.4225909 0.3090162 0 0.9510568 0.30902 0 0.9510557 0.3090169 0 0.9510567 0.3090173 0 0.9510564 0.3090159 0 0.9510568 0.3090174 0 0.9510565 -0.3090161 0 0.9510569 -0.3090191 0 0.951056 -0.3090176 0 0.9510563 -0.3090127 0 0.9510579 -0.3090173 0 0.9510565 -0.809017 0 -0.5877854 -0.8090167 0 -0.5877858 -0.8090185 0 -0.5877833 -0.8090133 0 -0.5877906 -0.8090217 0 -0.5877789 -0.3090475 0 -0.9510466 -0.308907 0 -0.9510923 -0.3090171 0 -0.9510565 0.1218373 0 -0.9925502 0.04069519 0 -0.9991717 0.04070341 0 -0.9991713 0.04070526 0 -0.9991713 -0.04070502 0 -0.9991712 -0.04070353 0 -0.9991713 -0.04069495 0 -0.9991717 -0.1218373 0 -0.9925501 0.8090171 0 0.5877851 0.8090173 0 0.587785 -0.8090169 0 0.5877853 -0.8090173 0 0.587785 0.2264826 0 0.9740152 0.2265108 0 0.9740087 0.05705899 0 0.9983708 0.05708861 0 0.9983691 -0.1139987 0 0.9934809 -0.1139694 0 0.9934843 -0.2817289 0 0.9594941 -0.4412475 0 0.8973855 -0.4411997 0 0.897409 -0.5877926 0 0.8090118 -0.7171306 0 0.6969389 -0.8254657 0 0.5644522 -0.8254753 0 0.5644384 -0.9096266 0 0.4154269 -0.9096318 0 0.4154157 -0.9671469 0 0.2542182 -0.9963321 0 0.08557164 0.9963326 0 0.0855661 0.9671455 0 0.2542234 0.9096338 0 0.415411 0.9096287 0 0.4154223 0.8254726 0 0.5644422 0.8254632 0 0.5644561 0.7171334 0 0.696936 0.58779 0 0.8090136 0.4412019 0 0.8974079 0.4412497 0 0.8973844 0.2817289 0 0.9594941 0.1139694 0 0.9934843 0.1139987 0 0.9934809 -0.05708825 0 0.9983692 -0.05705863 0 0.9983708 -0.2265108 0 0.9740087 -0.2264826 0 0.9740152 0.3053472 0 -0.9522412 0.146184 0 -0.9892575 -0.01684093 0 -0.9998583 -0.1794614 0 -0.983765 -0.3371994 0 -0.9414333 -0.3372546 0 -0.9414136 -0.486029 0 -0.8739428 -0.4860765 0 -0.8739163 -0.6218779 0 -0.7831141 -0.6219161 0 -0.7830839 -0.7410867 0 -0.6714094 -0.7411147 0 -0.6713784 -0.8405468 0 -0.541739 -0.8405377 0 -0.5417532 -0.917545 0 -0.397632 -0.9700527 0 -0.2428945 -0.9700509 0 -0.2429018 -0.9966571 0 -0.08169865 0.3856662 0 0.9226384 0.3856927 0 0.9226274 0.5307853 0 0.8475063 0.6617006 0 0.7497682 0.6616826 0 0.7497842 0.6620259 0 0.749481 0.7749543 0 0.6320173 0.7749792 0 0.6319868 0.8675359 0 0.4973747 0.8675512 0 0.4973478 0.9369534 0 0.3494547 0.9369571 0 0.3494445 0.9813543 0 0.1922075 0.9995549 0 0.02983427 0.9910706 0 -0.1333384 0.9561288 0 -0.2929467 0.9561261 0 -0.2929555 0.8956585 0 -0.4447426 0.8112854 0 -0.5846503 0.9966576 0 -0.08169281 0.9700509 0 -0.2429018 0.9700527 0 -0.2428945 0.9175429 0 -0.397637 0.8405377 0 -0.5417532 0.8405468 0 -0.541739 0.7411147 0 -0.6713784 0.7410867 0 -0.6714094 0.6219161 0 -0.7830839 0.6218779 0 -0.7831141 0.486079 0 -0.8739149 0.4860314 0 -0.8739414 0.3372527 0 -0.9414142 0.3371976 0 -0.941434 0.1794614 0 -0.983765 0.01684093 0 -0.9998583 -0.1461848 0 -0.9892573 -0.3053472 0 -0.9522412 -0.8112854 0 -0.5846503 -0.8956597 0 -0.4447402 -0.9561237 0 -0.2929635 -0.9561264 0 -0.2929548 -0.991071 0 -0.1333355 -0.9995548 0 0.02983719 -0.9813572 0 0.1921935 -0.9369533 0 0.3494547 -0.9369495 0 0.3494649 -0.8675512 0 0.4973478 -0.8675359 0 0.4973747 -0.7749778 0 0.6319885 -0.7749529 0 0.6320191 -0.6617107 0 0.7497593 -0.6616932 0 0.7497748 -0.5307853 0 0.8475063 -0.3856927 0 0.9226274 -0.3856662 0 0.9226384 0.2302641 0 -0.9731283 0.2302936 0 -0.9731213 0.06873315 0 -0.9976351 0.06876415 0 -0.997633 -0.0946328 0 -0.9955123 -0.2554823 0 -0.9668138 -0.4095323 0 -0.9122956 -0.4095063 0 -0.9123073 -0.5526189 0 -0.8334342 -0.5525972 0 -0.8334485 -0.6809629 0 -0.732318 -0.6809462 0 -0.7323335 -0.7911341 0 -0.6116428 -0.7911224 0 -0.6116579 -0.8801653 0 -0.4746673 -0.9457166 0 -0.3249928 -0.9860162 0 -0.1666499 -0.9999925 0 -0.003875672 -0.9999925 0 -0.003875553 -0.8067483 0 0.5908953 -0.8067457 0 0.590899 -0.6997457 0 0.714392 -0.6997418 0 0.7143959 -0.574078 0 0.8188006 -0.5740676 0 0.818808 -0.4330721 0 0.9013593 -0.4330595 0 0.9013655 -0.2805092 0 0.9598514 -0.2805163 0 0.9598493 -0.1204603 0 0.9927182 -0.1204527 0 0.9927191 0.04281914 0 0.9990829 0.04280358 0 0.9990835 0.2049322 0 0.9787763 0.2049396 0 0.9787747 0.3615899 0 0.9323374 0.3615831 0 0.93234 0.5085886 0 0.8610098 0.6420128 0 0.766694 0.6420083 0 0.7666978 0.7582884 0 0.6519193 0.7582917 0 0.6519155 0.3892651 0 -0.9211259 0.5406365 0 -0.8412564 0.6761772 0 -0.7367391 0.6761853 0 -0.7367317 0.7918936 0 -0.6106591 0.7919047 0 -0.6106448 0.8844315 0 -0.4666702 0.8844347 0 -0.466664 0.9510587 0 -0.3090105 0.9898203 0 -0.1423236 0.9995921 0 0.0285626 0.9995921 0 0.02856302 0.9800848 0 0.1985794 0.9800843 0 0.1985822 0.931861 0 0.3628155 0.8563482 0 0.5163989 -0.8563532 0 0.5163907 -0.931861 0 0.3628155 -0.9800832 0 0.1985876 -0.9800838 0 0.1985847 -0.9995922 0 0.02855747 -0.9995922 0 0.02855706 -0.9898211 0 -0.1423181 -0.951057 0 -0.3090155 -0.8844347 0 -0.466664 -0.8844315 0 -0.4666702 -0.7919074 0 -0.6106413 -0.7918963 0 -0.6106556 -0.6761853 0 -0.7367317 -0.6761772 0 -0.7367391 -0.540634 0 -0.841258 -0.3892651 0 -0.9211259 0.9999926 0 -0.003864586 0.9999926 0 -0.003864705 0.9860154 0 -0.1666542 0.9457172 0 -0.3249908 0.8801647 0 -0.4746685 0.7911196 0 -0.6116616 0.7911312 0 -0.6116465 0.680944 0 -0.7323355 0.6809607 0 -0.73232 0.5525999 0 -0.8334467 0.5526215 0 -0.8334324 0.4095091 0 -0.9123061 0.4095349 0 -0.9122945 0.2554787 0 -0.9668148 0.09463346 0 -0.9955122 -0.06876426 0 -0.9976329 -0.06873327 0 -0.9976351 -0.2302955 0 -0.9731208 -0.230266 0 -0.9731278 -0.7582745 0 0.6519354 -0.7582976 0 0.6519085 -0.7583015 0 0.651904 -0.6420068 0 0.7666989 -0.6420115 0 0.7666952 -0.5085886 0 0.8610098 -0.361585 0 0.9323391 -0.3615918 0 0.9323365 -0.2049401 0 0.9787745 -0.2049328 0 0.9787761 -0.04280287 0 0.9990835 -0.04281842 0 0.9990829 0.1204547 0 0.9927189 0.1204624 0 0.9927179 0.2805148 0 0.9598497 0.2805076 0 0.9598519 0.4330595 0 0.9013655 0.4330721 0 0.9013593 0.5740676 0 0.818808 0.574078 0 0.8188006 0.6997424 0 0.7143952 0.6997464 0 0.7143913 0.8067393 0 0.5909075 0.806742 0 0.5909038 -0.8543323 0 -0.5197272 -0.8543312 0 -0.5197289 -0.9275621 0 -0.3736693 -0.9275615 0 -0.3736706 -0.976032 0 -0.2176271 -0.9760317 0 -0.2176287 -0.9984427 0 -0.05578786 -0.9941986 0 0.1075598 -0.9634157 0 0.2680118 -0.9069074 0 0.4213302 -0.9069067 0 0.4213317 -0.8261907 0 0.5633907 -0.8261914 0 0.5633898 -0.8261829 0 0.5634021 -0.7234196 0 0.6904087 -0.7234177 0 0.6904107 -0.6013302 0 0.7990006 -0.6013315 0 0.7989997 -0.463192 0 0.8862581 -0.3126868 0 0.9498564 -0.7557514 0 -0.6548587 -0.7557482 0 -0.6548624 -0.6330175 0 -0.7741376 -0.6330085 0 -0.7741448 -0.4917304 0 -0.8707475 -0.3360722 0 -0.9418362 -0.3360503 0 -0.9418442 -0.3360437 0 -0.9418464 -0.1705221 0 -0.9853539 -0.1705149 0 -0.9853551 0 0 -1 0.1705168 0 -0.9853548 0.170524 0 -0.9853536 0.3360437 0 -0.9418464 0.3360444 0 -0.9418463 0.3360663 0 -0.9418383 0.4917352 0 -0.8707448 0.6330031 0 -0.7741492 0.633012 0 -0.774142 0.7557482 0 -0.6548624 0.7557514 0 -0.6548587 0.3126885 0 0.9498558 0.4631896 0 0.8862593 0.6013343 0 0.7989977 0.601333 0 0.7989985 0.7234191 0 0.6904093 0.7234181 0 0.6904103 0.7233262 0 0.6905066 0.7233519 0 0.6904796 0.8261829 0 0.5634021 0.8261941 0 0.5633857 0.8261935 0 0.5633866 0.9069089 0 0.4213269 0.9069096 0 0.4213255 0.9634142 0 0.2680172 0.9941986 0 0.1075598 0.998443 0 -0.05578207 0.9760304 0 -0.2176343 0.9760308 0 -0.2176327 0.9275636 0 -0.3736656 0.927564 0 -0.3736642 0.8543312 0 -0.5197289 0.8543323 0 -0.5197272 0.3823806 0 0.9240049 0.3823955 0 0.9239988 0.5216766 0 0.8531435 0.6482257 0 0.7614483 0.7589419 0 0.6511585 0.7589456 0 0.6511542 0.8511285 0 0.5249574 0.8511309 0 0.5249536 0.9225192 0 0.3859515 0.9225246 0 0.3859385 0.9225211 0 0.3859468 0.9713879 0 0.2374988 0.996528 0 0.0832588 0.9965279 0 0.08326023 0.9973306 0 -0.07301896 0.849782 0 -0.5271344 0.8497751 0 -0.5271453 0.8497797 0 -0.527138 0.7572656 0 -0.6531071 0.757273 0 -0.6530985 0.6462606 0 -0.7631168 0.6462808 0 -0.7630998 0.519476 0 -0.854485 0.5194888 0 -0.8544774 0.380002 0 -0.9249857 0.3800317 0 -0.9249734 0.2312602 0 -0.972892 0.07686114 0 -0.9970419 -0.07942986 0 -0.9968405 -0.07941263 0 -0.9968419 -0.2337597 0 -0.9722945 0.9969427 0 -0.07813727 0.9969427 0 -0.0781359 0.9725935 0 -0.2325121 0.9725944 0 -0.2325083 0.9244939 0 -0.3811969 0.853814 0 -0.5205785 0.8538092 0 -0.5205861 0.7622697 0 -0.6472595 0.762277 0 -0.6472509 0.6521446 0 -0.7580947 0.6521247 0 -0.7581119 0.52605 0 -0.8504538 0.3871186 0 -0.92203 0.2387585 0 -0.9710791 -0.2387585 0 -0.9710791 -0.3871186 0 -0.92203 -0.5260485 0 -0.8504546 -0.6521263 0 -0.7581104 -0.6521462 0 -0.7580932 -0.7622755 0 -0.6472528 -0.7622681 0 -0.6472614 -0.8538092 0 -0.5205861 -0.853814 0 -0.5205785 -0.9244939 0 -0.3811969 -0.9725944 0 -0.2325083 -0.9725935 0 -0.2325121 -0.9969427 0 -0.0781359 -0.9969427 0 -0.07813727 0.2337589 0 -0.9722946 0.07941299 0 -0.9968419 0.07943028 0 -0.9968405 -0.07686072 0 -0.9970419 -0.231262 0 -0.9728915 -0.3800294 0 -0.9249745 -0.3799998 0 -0.9249867 -0.5194876 0 -0.8544781 -0.519475 0 -0.8544858 -0.6462836 0 -0.7630974 -0.6462634 0 -0.7631145 -0.7572747 0 -0.6530967 -0.7572672 0 -0.6531052 -0.8497723 0 -0.52715 -0.8497778 0 -0.5271412 -0.8497846 0 -0.5271302 -0.9973305 0 -0.07302016 -0.9965273 0 0.08326667 -0.9965275 0 0.08326524 -0.9713885 0 0.2374965 -0.9225234 0 0.3859413 -0.9225269 0 0.385933 -0.9225123 0 0.385968 -0.8511351 0 0.5249468 -0.8511328 0 0.5249507 -0.7589395 0 0.6511612 -0.7589359 0 0.6511655 -0.6482304 0 0.7614443 -0.521678 0 0.8531425 -0.3823912 0 0.9240006 -0.3823763 0 0.9240067 -0.8524743 0 -0.522769 -0.852472 0 -0.5227729 -0.9235121 0 -0.3835694 -0.971993 0 -0.2350103 -0.9719934 0 -0.2350082 -0.9967389 0 -0.08069509 -0.9971399 0 0.07557862 -0.973188 0 0.2300115 -0.9731884 0 0.2300096 -0.9254688 0 0.378824 -0.9254682 0 0.3788255 -0.8551459 0 0.5183874 -0.7639373 0 0.6452906 -0.7639392 0 0.6452884 -0.3776341 0 0.925955 -0.3776378 0 0.9259534 -0.2287627 0 0.9734822 -0.2287648 0 0.9734818 -0.07429653 0 0.9972362 0.08197504 0 0.9966345 0.08197718 0 0.9966343 0.2362505 0 0.9716923 0.2362526 0 0.9716917 0.3847628 0 0.9230155 0.523865 0 0.8518013 0.6501778 0 0.7597821 0.650179 0 0.7597811 0.7606132 0 0.6492054 0.7606142 0 0.6492044 -0.7606142 0 0.6492044 -0.7606132 0 0.6492054 -0.6501806 0 0.7597797 -0.6501794 0 0.7597808 -0.523865 0 0.8518013 -0.3847616 0 0.923016 -0.2362526 0 0.9716917 -0.2362505 0 0.9716923 -0.08197742 0 0.9966343 -0.08197528 0 0.9966344 0.07429629 0 0.9972363 0.2287648 0 0.9734818 0.2287627 0 0.9734822 0.3776389 0 0.925953 0.3776353 0 0.9259545 0.7639368 0 0.6452913 0.7639349 0 0.6452934 0.8551467 0 0.5183862 0.9254676 0 0.3788269 0.9254682 0 0.3788254 0.9731888 0 0.2300081 0.9731883 0 0.23001 0.9971396 0 0.07558184 0.9967387 0 -0.08069831 0.9719941 0 -0.2350052 0.9719937 0 -0.2350072 0.9235115 0 -0.3835707 0.8524706 0 -0.5227753 0.8524729 0 -0.5227714 0.7557462 0 0.6548647 0.633018 0 0.7741371 0.6330085 0 0.7741449 0.4917634 0 0.8707289 0.4919324 0 0.8706335 0.4917337 0 0.8707456 0.4917275 0 0.8707492 0.3360381 0 0.9418484 0.3360521 0 0.9418434 0.1705454 0 0.9853499 0.1705147 0 0.9853552 0.170508 0 0.9853563 0.1705234 0 0.9853536 -0.1705234 0 0.9853536 -0.170508 0 0.9853563 -0.1705147 0 0.9853552 -0.1705454 0 0.9853499 -0.3360521 0 0.9418434 -0.3360381 0 0.9418484 -0.4917302 0 0.8707476 -0.4917364 0 0.8707442 -0.4918608 0 0.8706738 -0.4916918 0 0.8707694 -0.6330085 0 0.7741449 -0.633018 0 0.7741371 -0.7557492 0 0.6548613 0.856346 0 -0.5164026 0.8563502 0 -0.5163956 0.9318653 0 -0.3628048 0.9318631 0 -0.3628101 0.9800835 0 -0.1985862 0.9800822 0 -0.1985924 0.9995921 0 -0.02855914 0.9995922 0 -0.0285589 0.9898217 0 0.1423133 0.9898215 0 0.1423144 0.9510557 0 0.3090198 0.9510549 0 0.3090221 0.8844349 0 0.4666636 0.8844332 0 0.4666668 0.7919753 0 0.6105533 0.7918576 0 0.6107059 0.7919044 0 0.6106452 0.7919013 0 0.6106491 0.6761678 0 0.7367477 0.6761764 0 0.7367398 0.5406424 0 0.8412526 0.3892744 0 0.921122 0.3892609 0 0.9211276 -0.2265071 0 -0.9740095 -0.2264921 0 -0.9740131 -0.05709838 0 -0.9983686 -0.05708259 0 -0.9983695 0.1139985 0 -0.993481 0.1139828 0 -0.9934827 0.2817433 0 -0.9594899 0.2817286 0 -0.9594941 0.4412227 0 -0.8973976 0.4412164 0 -0.8974009 0.5877801 0 -0.8090208 0.5877853 0 -0.8090171 0.7171455 0 -0.6969236 0.7171306 0 -0.6969389 0.8254706 0 -0.5644451 0.8254731 0 -0.5644415 0.9096339 0 -0.4154108 0.9096326 0 -0.4154138 0.9671463 0 -0.2542206 0.9963316 0 -0.08557677 0.9963316 0 -0.08557611 -0.9963322 0 -0.08557021 -0.9963322 0 -0.08557087 -0.9671463 0 -0.2542206 -0.9096326 0 -0.4154138 -0.9096339 0 -0.4154108 -0.8254704 0 -0.5644455 -0.8254679 0 -0.5644492 -0.7171306 0 -0.6969389 -0.7171642 0 -0.6969043 -0.5877853 0 -0.8090171 -0.5877801 0 -0.8090208 -0.4412164 0 -0.8974009 -0.4412227 0 -0.8973976 -0.2817286 0 -0.9594941 -0.2817433 0 -0.9594899 -0.1139828 0 -0.9934827 -0.1139985 0 -0.993481 0.05708259 0 -0.9983695 0.05709838 0 -0.9983686 0.2264927 0 -0.9740129 0.2265077 0 -0.9740093 -0.389262 0 0.9211272 -0.3892754 0 0.9211214 -0.5406411 0 0.8412535 -0.6761764 0 0.7367398 -0.6761678 0 0.7367477 -0.7919043 0 0.6106454 -0.7919073 0 0.6106414 -0.791743 0 0.6108544 -0.7918608 0 0.6107017 -0.8844332 0 0.4666668 -0.8844349 0 0.4666636 -0.9510566 0 0.3090167 -0.9510574 0 0.3090144 -0.9898207 0 0.1423202 -0.9898209 0 0.1423191 -0.9995922 0 -0.0285589 -0.9995921 0 -0.02855914 -0.9800822 0 -0.1985924 -0.9800835 0 -0.1985862 -0.9318612 0 -0.3628153 -0.9318633 0 -0.36281 -0.8563528 0 -0.5163912 -0.8563486 0 -0.5163982 0.2334375 0 0.9723718 0.2334457 0 0.9723699 0.07846665 0 0.9969168 0.07844942 0 0.9969182 -0.07844918 0 0.9969182 -0.07846641 0 0.9969168 -0.2334464 0 0.9723697 -0.2334382 0 0.9723716 -0.760402 0 -0.6494528 -0.6494528 0 -0.760402 -0.649435 0 -0.7604172 -0.6494603 0 -0.7603955 -0.5225037 0 -0.8526372 -0.522491 0 -0.8526448 -0.3826854 0 -0.9238787 0.9969176 0 0.07845681 0.97237 0 0.2334452 0.9238784 0 0.3826861 0.8526412 0 0.5224971 -0.8526397 0 0.5224994 -0.9238784 0 0.3826861 -0.9723708 0 0.2334421 -0.9969174 0 0.07846003 0.3826854 0 -0.9238787 0.5224896 0 -0.8526457 0.5225022 0 -0.852638 0.6494643 0 -0.7603921 0.649439 0 -0.7604137 0.6494554 0 -0.7603997 0.7604004 0 -0.6494547 -0.07844942 0 0.9969182 -0.07846665 0 0.9969168 -0.2334457 0 0.9723699 -0.2334375 0 0.9723718 -0.7604076 0 -0.6494461 -0.7604041 0 -0.6494504 -0.6494507 0 -0.7604037 -0.6494458 0 -0.760408 -0.5224987 0 -0.85264 -0.5225051 0 -0.8526362 -0.382678 0 -0.9238818 0.382678 0 -0.9238818 0.5225037 0 -0.8526372 0.5224973 0 -0.8526409 0.6494458 0 -0.760408 0.6494507 0 -0.7604037 0.7604056 0 -0.6494485 0.7604093 0 -0.6494442 -0.8526409 0 0.5224975 -0.8526385 0 0.5225013 -0.923879 0 0.3826846 -0.9723703 0 0.233444 0.9969174 0 0.07846003 0.9723688 0 0.2334502 0.9723692 0 0.2334482 0.9238814 0 0.3826791 0.8526385 0 0.5225013 0.8526409 0 0.5224975 -0.08480954 0 -0.9963973 -0.08477145 0 -0.9964005 -0.2519926 0 -0.9677292 -0.4118811 0 -0.9112376 -0.4119173 0 -0.9112213 -0.5599575 0 -0.8285215 -0.5599838 0 -0.8285037 -0.691942 0 -0.7219532 -0.691922 0 -0.7219724 -0.8039963 0 -0.5946343 -0.8929272 0 -0.4502013 -0.8929311 0 -0.4501935 -0.956165 0 -0.2928284 -0.956178 0 -0.2927864 -0.9561711 0 -0.2928085 -0.9919009 0 -0.1270152 -0.9919015 0 -0.1270104 -0.9990994 0 0.04243355 -0.9990993 0 0.04243439 -0.9775537 0 0.2106869 -0.9775545 0 0.210683 -0.9278928 0 0.372847 -0.9278875 0 0.3728603 -0.851532 0 0.5243028 -0.7506762 0 0.6606704 -0.6282019 0 0.7780504 -0.6282251 0 0.7780317 -0.4876911 0 0.8730162 -0.3328567 0 0.9429774 -0.3334783 0 0.9427579 -0.3331298 0 0.942881 -0.3331473 0 0.9428748 -0.1690235 0 0.9856121 -0.1689862 0 0.9856184 0.1689862 0 0.9856184 0.1690235 0 0.9856121 0.3331473 0 0.9428748 0.3331298 0 0.942881 0.3334783 0 0.9427579 0.3328567 0 0.9429774 0.4876911 0 0.8730162 0.6282251 0 0.7780317 0.6282019 0 0.7780504 0.7506762 0 0.6606704 0.851532 0 0.5243028 0.9278826 0 0.3728727 0.9278879 0 0.3728594 0.9775575 0 0.2106692 0.9775567 0 0.2106732 0.9990987 0 0.04244875 0.9990987 0 0.04244792 0.9918997 0 -0.1270245 0.991899 0 -0.1270293 0.9561711 0 -0.2928085 0.956178 0 -0.2927864 0.956165 0 -0.2928284 0.8929311 0 -0.4501935 0.8929272 0 -0.4502013 0.8039963 0 -0.5946343 0.6919292 0 -0.7219655 0.6919491 0 -0.7219462 0.5599771 0 -0.8285082 0.5599507 0 -0.8285259 0.4119173 0 -0.9112213 0.4118924 0 -0.9112325 0.2519891 0 -0.9677301 0.08477264 0 -0.9964004 0.08481073 0 -0.9963971 -0.08479028 0 -0.9963988 -0.2519748 0 -0.9677338 -0.252045 0 -0.9677155 -0.4118278 0 -0.9112618 -0.4119523 0 -0.9112054 -0.5600087 0 -0.8284868 -0.6919152 0 -0.7219789 -0.8039767 0 -0.5946609 -0.8040032 0 -0.5946251 -0.8929152 0 -0.4502249 -0.8929304 0 -0.4501948 -0.9561704 0 -0.2928108 -0.9561576 0 -0.2928528 -0.9918997 0 -0.1270239 -0.9919021 0 -0.127005 -0.9990986 0 0.0424506 -0.9990985 0 0.04245376 -0.9775533 0 0.2106886 -0.9775566 0 0.2106732 -0.9279057 0 0.3728152 -0.9278848 0 0.3728671 -0.8515174 0 0.5243265 -0.7506742 0 0.6606727 -0.7507069 0 0.6606355 -0.6281722 0 0.7780744 -0.6282176 0 0.7780378 -0.4877516 0 0.8729825 -0.3331456 0 0.9428754 -0.3330789 0 0.9428991 -0.1689107 0 0.9856314 -0.1689836 0 0.9856189 0.1689836 0 0.9856189 0.1689107 0 0.9856314 0.3330966 0 0.9428927 0.3331632 0 0.9428693 0.4877277 0 0.8729958 0.6282451 0 0.7780155 0.6281997 0 0.7780523 0.750679 0 0.6606672 0.7506462 0 0.6607044 0.8515425 0 0.5242857 0.9278653 0 0.3729155 0.9278861 0 0.3728636 0.9775566 0 0.2106732 0.9775533 0 0.2106886 0.9990985 0 0.04245376 0.9990986 0 0.0424506 0.9918951 0 -0.1270603 0.9918926 0 -0.1270792 0.9561733 0 -0.2928013 0.9561862 0 -0.2927594 0.8929304 0 -0.4501948 0.8929152 0 -0.4502249 0.8040032 0 -0.5946251 0.8039767 0 -0.5946609 0.6919152 0 -0.7219789 0.5600087 0 -0.8284868 0.4119523 0 -0.9112054 0.4118278 0 -0.9112618 0.2520313 0 -0.9677191 0.2519611 0 -0.9677374 0.08479028 0 -0.9963988 -0.4118067 0 -0.9112713 -0.4119312 0 -0.9112151 -0.8040036 0 -0.5946245 -0.8040301 0 -0.5945886 -0.9775648 0 0.2106348 -0.9775682 0 0.2106195 -0.9278861 0 0.3728636 -0.9278653 0 0.3729155 -0.6281997 0 0.7780523 -0.6282451 0 0.7780155 -0.4877277 0 0.8729958 -0.3331632 0 0.9428693 -0.3330966 0 0.9428927 0.1689742 0 0.9856205 0.1689013 0 0.985633 0.4877516 0 0.8729825 0.6282176 0 0.7780378 0.6281722 0 0.7780744 0.7507069 0 0.6606355 0.7506742 0 0.6606727 0.8515174 0 0.5243265 0.9278848 0 0.3728671 0.9279057 0 0.3728152 0.9919021 0 -0.127005 0.9918997 0 -0.1270239 0.9561576 0 -0.2928528 0.9561704 0 -0.2928108 0.8040301 0 -0.5945886 0.8040036 0 -0.5946245 0.6918871 0 -0.7220058 0.252045 0 -0.9677155 0.2519748 0 -0.9677338 -0.2519611 0 -0.9677374 -0.2520313 0 -0.9677191 -0.9561862 0 -0.2927594 -0.9561733 0 -0.2928013 -0.9918926 0 -0.1270792 -0.9918951 0 -0.1270603 -0.8515425 0 0.5242857 -0.7506462 0 0.6607044 -0.750679 0 0.6606672 0.3330789 0 0.9428991 0.3331456 0 0.9428754</float_array>
          <technique_common>
            <accessor source="#塑料轮_平面-mesh-normals-array" count="1164" stride="3">
              <param name="X" type="float"/>
              <param name="Y" type="float"/>
              <param name="Z" type="float"/>
            </accessor>
          </technique_common>
        </source>
        <vertices id="塑料轮_平面-mesh-vertices">
          <input semantic="POSITION" source="#塑料轮_平面-mesh-positions"/>
        </vertices>
        <triangles count="3228">
          <input semantic="VERTEX" source="#塑料轮_平面-mesh-vertices" offset="0"/>
          <input semantic="NORMAL" source="#塑料轮_平面-mesh-normals" offset="1"/>
          <p>0 0 1 0 2 0 1 1 0 1 3 1 3 2 0 2 4 2 3 3 4 3 5 3 5 3 4 3 6 3 5 4 6 4 7 4 6 5 8 5 7 5 7 6 8 6 9 6 7 7 9 7 10 7 10 8 9 8 11 8 11 9 9 9 12 9 11 10 12 10 13 10 12 11 14 11 13 11 13 12 14 12 15 12 13 13 15 13 16 13 16 14 15 14 17 14 16 14 17 14 18 14 18 15 17 15 19 15 19 16 17 16 20 16 19 17 20 17 21 17 20 18 22 18 21 18 21 19 22 19 23 19 21 20 23 20 24 20 24 21 23 21 25 21 25 22 23 22 26 22 25 23 26 23 27 23 27 23 26 23 28 23 27 24 28 24 29 24 28 25 30 25 29 25 29 26 30 26 31 26 29 27 31 27 32 27 32 28 31 28 33 28 32 29 33 29 34 29 34 30 33 30 35 30 35 30 33 30 36 30 35 31 36 31 37 31 37 31 36 31 38 31 37 32 38 32 39 32 38 33 40 33 39 33 39 34 40 34 41 34 39 35 41 35 42 35 42 36 41 36 43 36 42 37 43 37 44 37 44 38 43 38 45 38 45 39 43 39 46 39 45 40 46 40 47 40 47 40 46 40 48 40 47 41 48 41 49 41 49 42 48 42 50 42 49 43 50 43 51 43 51 44 50 44 52 44 51 45 52 45 53 45 53 45 52 45 54 45 53 46 54 46 55 46 55 46 54 46 56 46 55 47 56 47 57 47 56 48 58 48 57 48 57 49 58 49 59 49 57 49 59 49 60 49 60 50 59 50 61 50 60 51 61 51 62 51 62 52 61 52 63 52 62 53 63 53 64 53 64 54 63 54 65 54 65 54 63 54 66 54 65 55 66 55 67 55 67 56 66 56 68 56 67 57 68 57 69 57 69 57 68 57 70 57 69 58 70 58 71 58 71 58 70 58 72 58 71 59 72 59 73 59 72 59 74 59 73 59 73 60 74 60 75 60 73 61 75 61 76 61 76 62 75 62 77 62 76 62 77 62 78 62 78 63 77 63 79 63 78 64 79 64 80 64 80 65 79 65 81 65 80 66 81 66 82 66 82 67 81 67 83 67 83 68 81 68 84 68 83 69 84 69 85 69 85 69 84 69 86 69 85 70 86 70 87 70 87 71 86 71 88 71 87 72 88 72 89 72 89 72 88 72 90 72 89 73 90 73 91 73 91 74 90 74 92 74 91 75 92 75 93 75 93 75 92 75 94 75 93 76 94 76 95 76 95 77 94 77 96 77 95 78 96 78 97 78 97 79 96 79 98 79 97 80 98 80 99 80 99 81 98 81 100 81 99 82 100 82 101 82 101 83 100 83 102 83 101 84 102 84 103 84 103 84 102 84 104 84 103 85 104 85 105 85 104 86 106 86 105 86 105 87 106 87 107 87 105 88 107 88 108 88 108 89 107 89 109 89 109 89 107 89 110 89 109 90 110 90 111 90 110 91 112 91 111 91 111 92 112 92 113 92 111 93 113 93 114 93 114 94 113 94 115 94 114 95 115 95 116 95 116 96 115 96 117 96 116 96 117 96 118 96 118 97 117 97 119 97 118 98 119 98 120 98 120 99 119 99 121 99 121 99 119 99 122 99 121 100 122 100 123 100 123 100 122 100 124 100 123 101 124 101 125 101 125 102 124 102 126 102 125 103 126 103 127 103 126 103 128 103 127 103 127 104 128 104 129 104 127 105 129 105 130 105 130 106 129 106 131 106 130 107 131 107 132 107 132 108 131 108 133 108 132 108 133 108 134 108 134 109 133 109 135 109 135 110 133 110 136 110 135 111 136 111 137 111 137 111 136 111 138 111 137 112 138 112 139 112 139 113 138 113 140 113 139 114 140 114 141 114 141 115 140 115 142 115 141 116 142 116 143 116 143 116 142 116 144 116 143 117 144 117 145 117 144 118 146 118 145 118 145 119 146 119 147 119 145 120 147 120 148 120 148 121 147 121 149 121 148 122 149 122 150 122 150 123 149 123 151 123 151 124 149 124 152 124 151 125 152 125 153 125 152 125 154 125 153 125 153 126 154 126 155 126 153 127 155 127 156 127 156 128 155 128 157 128 156 129 157 129 158 129 158 130 157 130 159 130 159 131 157 131 160 131 159 132 160 132 161 132 161 132 160 132 162 132 161 133 162 133 163 133 162 134 164 134 163 134 163 135 164 135 165 135 163 136 165 136 166 136 166 137 165 137 167 137 166 138 167 138 168 138 168 139 167 139 169 139 168 139 169 139 170 139 170 140 169 140 171 140 170 141 171 141 172 141 172 142 171 142 173 142 173 143 171 143 174 143 173 144 174 144 175 144 174 145 176 145 175 145 175 146 176 146 177 146 175 147 177 147 178 147 178 148 177 148 179 148 179 149 177 149 180 149 179 150 180 150 181 150 180 150 182 150 181 150 181 151 182 151 183 151 181 151 183 151 184 151 184 152 183 152 185 152 185 153 183 153 186 153 185 154 186 154 187 154 187 154 186 154 188 154 187 155 188 155 189 155 189 155 188 155 190 155 189 156 190 156 191 156 191 156 190 156 192 156 191 157 192 157 193 157 193 157 192 157 194 157 193 158 194 158 2 158 2 159 194 159 195 159 2 0 195 0 0 0 196 160 197 160 198 160 199 160 200 160 201 160 202 160 203 160 204 160 205 160 206 160 207 160 208 160 209 160 210 160 51 160 53 160 211 160 212 160 213 160 97 160 97 160 213 160 95 160 95 160 213 160 214 160 95 160 214 160 93 160 93 160 214 160 215 160 93 160 215 160 91 160 91 160 215 160 216 160 91 160 216 160 89 160 217 160 218 160 87 160 87 160 218 160 219 160 216 160 220 160 89 160 89 160 220 160 221 160 89 160 221 160 87 160 87 160 221 160 222 160 87 160 222 160 217 160 219 160 223 160 87 160 87 160 223 160 224 160 87 160 224 160 225 160 225 160 226 160 87 160 87 160 226 160 227 160 87 160 227 160 85 160 85 160 227 160 228 160 85 160 228 160 83 160 229 160 230 160 83 160 231 160 232 160 228 160 228 160 232 160 233 160 228 160 233 160 83 160 83 160 233 160 234 160 83 160 234 160 235 160 235 160 236 160 83 160 83 160 236 160 237 160 83 160 237 160 229 160 230 160 238 160 83 160 83 160 238 160 239 160 83 160 239 160 82 160 82 160 239 160 240 160 82 160 240 160 241 160 242 160 243 160 65 160 67 160 244 160 245 160 241 160 246 160 82 160 82 160 246 160 247 160 82 160 247 160 80 160 80 160 247 160 248 160 80 160 248 160 78 160 78 160 248 160 249 160 78 160 249 160 76 160 76 160 249 160 250 160 76 160 250 160 73 160 73 160 250 160 251 160 73 160 251 160 71 160 71 160 251 160 252 160 71 160 252 160 69 160 69 160 252 160 67 160 67 160 245 160 65 160 245 160 253 160 65 160 65 160 253 160 254 160 65 160 254 160 255 160 242 160 65 160 256 160 257 160 258 160 259 160 259 160 258 160 260 160 259 160 260 160 261 160 261 160 260 160 262 160 262 160 263 160 261 160 261 161 263 161 256 161 261 160 256 160 264 160 264 160 256 160 65 160 264 160 65 160 265 160 265 160 65 160 255 160 266 160 267 160 211 160 266 160 211 160 268 160 268 162 211 162 269 162 269 160 211 160 53 160 269 160 53 160 270 160 270 160 53 160 55 160 270 160 55 160 271 160 271 163 55 163 57 163 271 164 57 164 272 164 272 165 57 165 60 165 272 160 60 160 273 160 273 160 60 160 62 160 273 160 62 160 243 160 243 160 62 160 64 160 243 160 64 160 65 160 44 160 45 160 274 160 274 166 45 166 47 166 274 160 47 160 211 160 211 167 47 167 49 167 211 168 49 168 51 168 37 160 39 160 274 160 274 160 39 160 42 160 274 169 42 169 44 169 275 160 276 160 277 160 278 160 279 160 274 160 274 160 279 160 280 160 274 160 280 160 281 160 281 160 282 160 274 160 274 160 282 160 283 160 274 170 283 170 284 170 277 171 276 171 274 171 274 172 276 172 285 172 274 173 285 173 278 173 284 174 286 174 274 174 274 160 286 160 287 160 274 160 287 160 37 160 287 160 288 160 37 160 37 160 288 160 289 160 37 160 289 160 35 160 35 175 289 175 290 175 35 176 290 176 34 176 34 177 290 177 291 177 34 178 291 178 32 178 292 160 27 160 29 160 291 160 293 160 32 160 32 179 293 179 294 179 32 180 294 180 29 180 19 160 21 160 295 160 295 181 21 181 24 181 295 182 24 182 292 182 292 160 24 160 25 160 292 160 25 160 27 160 296 160 297 160 19 160 298 160 299 160 295 160 295 160 299 160 300 160 295 160 300 160 301 160 301 160 302 160 295 160 295 160 302 160 303 160 295 160 303 160 19 160 19 160 303 160 304 160 19 160 304 160 296 160 11 160 305 160 306 160 307 160 308 160 210 160 210 160 308 160 309 160 210 160 309 160 310 160 310 160 311 160 210 160 210 160 311 160 312 160 210 160 312 160 208 160 297 160 313 160 19 160 19 160 313 160 314 160 19 160 314 160 18 160 18 160 314 160 315 160 18 160 315 160 16 160 16 160 315 160 316 160 16 160 316 160 13 160 13 160 316 160 317 160 13 160 317 160 11 160 11 160 317 160 318 160 11 160 318 160 305 160 210 160 5 160 7 160 306 160 307 160 11 160 11 160 307 160 210 160 11 160 210 160 10 160 10 160 210 160 7 160 319 160 320 160 3 160 3 160 320 160 321 160 3 160 321 160 322 160 193 160 2 160 323 160 323 160 2 160 322 160 322 160 2 160 1 160 322 160 1 160 3 160 323 160 324 160 193 160 193 160 324 160 325 160 193 160 325 160 191 160 191 160 325 160 326 160 191 160 326 160 189 160 189 160 326 160 327 160 189 160 327 160 187 160 187 160 327 160 185 160 179 160 328 160 329 160 327 160 330 160 185 160 185 160 330 160 331 160 185 160 331 160 184 160 184 160 331 160 332 160 184 160 332 160 181 160 181 160 332 160 333 160 181 160 333 160 179 160 179 160 333 160 334 160 179 160 334 160 328 160 207 160 173 160 175 160 329 160 205 160 179 160 179 160 205 160 207 160 179 160 207 160 178 160 178 160 207 160 175 160 335 160 336 160 337 160 207 160 338 160 339 160 166 160 340 160 341 160 339 160 342 160 207 160 207 160 342 160 343 160 207 160 343 160 344 160 336 160 335 160 345 160 345 160 335 160 161 160 345 160 161 160 346 160 346 160 161 160 163 160 346 160 163 160 347 160 166 160 341 160 163 160 163 160 341 160 348 160 163 160 348 160 347 160 344 160 349 160 207 160 207 160 349 160 350 160 207 160 350 160 173 160 173 160 350 160 351 160 173 160 351 160 352 160 352 160 353 160 173 160 173 160 353 160 354 160 173 160 354 160 172 160 172 160 354 160 355 160 172 160 355 160 170 160 170 160 355 160 356 160 170 160 356 160 168 160 168 160 356 160 357 160 168 160 357 160 166 160 166 160 357 160 358 160 166 160 358 160 340 160 156 160 158 160 335 160 335 160 158 160 159 160 335 160 159 160 161 160 359 160 143 160 360 160 360 160 143 160 145 160 360 160 145 160 361 160 361 160 145 160 362 160 359 160 363 160 143 160 143 160 363 160 364 160 143 160 364 160 365 160 365 160 366 160 143 160 143 160 366 160 367 160 143 160 367 160 368 160 368 160 367 160 369 160 369 160 370 160 368 160 368 160 370 160 371 160 368 160 371 160 372 160 373 160 374 160 143 160 143 160 374 160 375 160 375 160 376 160 143 160 143 160 376 160 377 160 143 160 377 160 141 160 141 160 377 160 378 160 141 160 378 160 139 160 139 160 378 160 379 160 379 160 380 160 139 160 139 160 380 160 381 160 139 160 381 160 137 160 137 160 381 160 382 160 137 160 382 160 135 160 383 160 384 160 385 160 385 160 384 160 386 160 383 160 387 160 384 160 384 160 387 160 388 160 384 160 388 160 389 160 390 160 391 160 392 160 392 160 391 160 393 160 392 160 393 160 384 160 384 160 393 160 394 160 384 160 394 160 386 160 389 160 388 160 395 160 395 160 388 160 396 160 395 160 396 160 397 160 397 160 396 160 398 160 397 160 398 160 399 160 400 160 123 160 401 160 401 160 123 160 125 160 401 160 125 160 402 160 382 160 403 160 135 160 135 160 403 160 404 160 135 160 404 160 134 160 134 160 404 160 405 160 134 160 405 160 132 160 132 160 405 160 406 160 132 160 406 160 130 160 130 160 406 160 407 160 130 160 407 160 127 160 127 160 407 160 408 160 127 160 408 160 125 160 125 160 408 160 409 160 125 160 409 160 410 160 400 160 411 160 123 160 123 160 411 160 412 160 123 160 412 160 121 160 399 160 413 160 397 160 397 160 413 160 414 160 397 160 414 160 415 160 415 160 414 160 416 160 415 160 416 160 417 160 417 160 416 160 418 160 417 160 418 160 419 160 419 160 418 160 420 160 419 160 420 160 421 160 421 160 420 160 422 160 410 160 423 160 424 160 424 160 423 160 425 160 424 160 425 160 422 160 422 160 425 160 426 160 422 160 426 160 421 160 424 160 427 160 410 160 410 160 427 160 428 160 410 160 428 160 125 160 125 160 428 160 429 160 125 160 429 160 402 160 430 160 431 160 111 160 431 160 432 160 111 160 111 160 432 160 433 160 111 160 433 160 109 160 109 160 433 160 434 160 109 160 434 160 435 160 435 160 436 160 109 160 109 160 436 160 437 160 109 160 437 160 438 160 412 160 439 160 121 160 121 160 439 160 440 160 121 160 440 160 120 160 120 160 440 160 441 160 438 160 442 160 109 160 109 160 442 160 443 160 109 160 443 160 444 160 430 160 111 160 445 160 445 160 111 160 114 160 445 160 114 160 446 160 446 160 114 160 116 160 446 160 116 160 441 160 441 160 116 160 118 160 441 160 118 160 120 160 105 160 108 160 447 160 444 160 390 160 109 160 109 160 390 160 392 160 109 160 392 160 448 160 448 160 449 160 109 160 109 160 449 160 450 160 109 160 450 160 451 160 451 160 452 160 109 160 109 160 452 160 453 160 109 160 453 160 108 160 108 160 453 160 454 160 108 160 454 160 447 160 447 160 455 160 105 160 105 160 455 160 456 160 105 160 456 160 103 160 456 160 457 160 103 160 103 160 457 160 458 160 103 160 458 160 101 160 101 160 458 160 212 160 101 160 212 160 99 160 99 160 212 160 97 160 206 160 459 160 207 160 207 160 459 160 460 160 207 160 460 160 461 160 461 160 462 160 207 160 207 160 462 160 463 160 207 160 463 160 338 160 338 160 463 160 464 160 465 160 466 160 209 160 210 160 467 160 468 160 468 160 469 160 210 160 210 160 469 160 470 160 210 160 470 160 5 160 5 160 470 160 471 160 5 160 471 160 3 160 3 160 471 160 472 160 3 160 472 160 319 160 466 160 473 160 209 160 209 160 473 160 474 160 209 160 474 160 210 160 210 160 474 160 475 160 210 160 475 160 467 160 476 160 477 160 478 160 478 160 477 160 479 160 478 160 479 160 480 160 480 160 481 160 478 160 478 160 481 160 482 160 478 160 482 160 483 160 484 160 485 160 486 160 486 160 485 160 487 160 486 160 487 160 476 160 476 160 487 160 488 160 476 160 488 160 477 160 464 160 489 160 338 160 338 160 489 160 490 160 338 160 490 160 491 160 491 160 490 160 492 160 491 160 492 160 493 160 493 160 492 160 494 160 493 160 494 160 495 160 495 160 496 160 493 160 493 160 496 160 497 160 493 160 497 160 486 160 486 160 497 160 498 160 486 160 498 160 484 160 499 160 500 160 486 160 499 160 486 160 501 160 500 160 502 160 486 160 486 160 502 160 503 160 486 160 503 160 493 160 493 160 503 160 504 160 493 160 504 160 491 160 505 160 506 160 507 160 508 160 509 160 507 160 507 160 509 160 510 160 507 160 510 160 505 160 511 160 512 160 513 160 513 160 512 160 507 160 513 160 507 160 514 160 514 160 507 160 506 160 508 160 515 160 509 160 509 160 515 160 516 160 509 160 516 160 517 160 518 160 519 160 520 160 517 160 521 160 509 160 509 160 521 160 522 160 509 160 522 160 520 160 520 160 522 160 523 160 520 160 523 160 518 160 520 160 524 160 525 160 525 160 526 160 520 160 520 160 526 160 527 160 520 160 527 160 509 160 528 160 529 160 530 160 531 160 532 160 533 160 532 160 531 160 534 160 534 160 531 160 535 160 534 160 535 160 536 160 536 160 535 160 537 160 536 160 537 160 538 160 528 160 530 160 372 160 372 160 530 160 539 160 372 160 539 160 368 160 368 160 539 160 540 160 368 160 540 160 143 160 143 160 540 160 541 160 143 160 541 160 373 160 538 160 542 160 536 160 536 160 542 160 543 160 536 160 543 160 544 160 529 160 545 160 530 160 530 160 545 160 546 160 530 160 546 160 547 160 547 160 546 160 548 160 547 160 548 160 549 160 549 160 548 160 544 160 549 160 544 160 550 160 551 160 552 160 553 160 553 160 552 160 554 160 553 160 554 160 555 160 555 160 554 160 556 160 555 160 556 160 543 160 543 160 556 160 557 160 543 160 557 160 544 160 544 160 557 160 558 160 544 160 558 160 550 160 533 160 559 160 531 160 531 160 559 160 560 160 531 160 560 160 561 160 561 160 560 160 562 160 561 160 562 160 563 160 563 160 562 160 564 160 337 160 565 160 335 160 335 160 565 160 563 160 335 160 563 160 566 160 567 160 335 160 568 160 568 160 335 160 569 160 567 160 570 160 335 160 335 160 570 160 571 160 335 160 571 160 156 160 156 160 571 160 572 160 156 160 572 160 153 160 153 160 572 160 573 160 153 160 573 160 151 160 151 160 573 160 574 160 151 160 574 160 150 160 150 160 574 160 575 160 150 160 575 160 148 160 148 160 575 160 576 160 148 160 576 160 145 160 145 160 576 160 577 160 145 160 577 160 362 160 566 160 578 160 335 160 335 160 578 160 579 160 335 160 579 160 569 160 564 160 580 160 563 160 563 160 580 160 581 160 563 160 581 160 582 160 582 160 583 160 563 160 563 160 583 160 584 160 563 160 584 160 566 160 29 160 294 160 292 160 292 160 294 160 585 160 292 160 585 160 586 160 586 160 587 160 292 160 292 160 587 160 588 160 292 160 588 160 589 160 590 160 295 160 591 160 591 160 295 160 292 160 591 160 292 160 592 160 592 160 292 160 589 160 590 160 593 160 295 160 295 160 593 160 594 160 295 160 594 160 595 160 596 160 597 160 598 160 595 160 599 160 295 160 295 160 599 160 600 160 295 160 600 160 298 160 298 160 600 160 601 160 298 160 601 160 602 160 602 183 601 183 603 183 602 160 603 160 604 160 604 184 603 184 605 184 604 160 605 160 606 160 607 160 608 160 609 160 609 160 608 160 203 160 609 160 203 160 610 160 610 160 203 160 202 160 610 160 202 160 611 160 596 160 598 160 612 160 612 160 598 160 613 160 612 160 613 160 609 160 609 160 613 160 614 160 609 160 614 160 607 160 597 160 615 160 598 160 598 160 615 160 616 160 598 160 616 160 617 160 617 160 616 160 618 160 617 160 618 160 619 160 619 185 618 185 620 185 619 160 620 160 277 160 277 160 620 160 621 160 277 160 621 160 275 160 606 160 622 160 604 160 604 160 622 160 623 160 604 160 623 160 624 160 624 160 623 160 625 160 624 160 625 160 626 160 626 160 625 160 610 160 626 160 610 160 627 160 627 160 610 160 611 160 628 160 629 160 630 160 630 160 629 160 631 160 630 160 631 160 259 160 259 160 631 160 632 160 259 160 632 160 257 160 633 160 634 160 635 160 635 160 634 160 636 160 635 160 636 160 637 160 628 160 638 160 629 160 629 160 638 160 639 160 629 160 639 160 640 160 640 186 639 186 641 186 640 160 641 160 642 160 642 160 643 160 640 160 640 160 643 160 644 160 640 160 644 160 645 160 645 160 644 160 646 160 645 160 646 160 647 160 647 160 646 160 648 160 647 160 648 160 635 160 635 160 648 160 649 160 635 160 649 160 633 160 251 160 650 160 252 160 252 160 650 160 651 160 252 160 651 160 67 160 67 160 651 160 652 160 67 160 652 160 244 160 653 160 654 160 655 160 656 160 657 160 658 160 201 160 200 160 654 160 654 160 200 160 659 160 654 160 659 160 655 160 199 160 201 160 660 160 660 160 201 160 661 160 660 160 661 160 204 160 204 160 661 160 662 160 204 160 662 160 202 160 658 160 663 160 656 160 656 160 663 160 664 160 656 160 664 160 653 160 656 160 665 160 666 160 667 160 668 160 669 160 669 160 668 160 670 160 669 160 670 160 671 160 671 160 670 160 672 160 672 160 673 160 671 160 671 160 673 160 674 160 671 160 674 160 675 160 666 160 676 160 656 160 656 160 676 160 677 160 656 160 677 160 657 160 677 160 678 160 657 160 657 160 678 160 679 160 657 160 679 160 680 160 680 160 681 160 657 160 657 160 681 160 682 160 657 160 682 160 675 160 675 160 682 160 683 160 675 160 683 160 671 160 684 160 685 160 476 160 476 160 685 160 686 160 465 160 209 160 687 160 687 160 209 160 688 160 687 160 688 160 483 160 483 160 688 160 689 160 483 160 689 160 478 160 478 160 689 160 690 160 478 160 690 160 476 160 476 160 690 160 691 160 476 160 691 160 684 160 553 160 692 160 551 160 551 160 692 160 524 160 551 160 524 160 693 160 693 160 524 160 520 160 693 160 520 160 694 160 694 160 520 160 695 160 696 160 697 160 698 160 699 160 700 160 701 160 697 160 702 160 698 160 698 160 702 160 703 160 698 160 703 160 704 160 696 160 698 160 705 160 705 160 698 160 706 160 705 160 706 160 707 160 707 160 706 160 708 160 707 160 708 160 709 160 704 160 710 160 698 160 698 160 710 160 711 160 698 160 711 160 712 160 712 160 711 160 713 160 712 160 713 160 714 160 699 160 701 160 715 160 714 160 716 160 712 160 712 160 716 160 717 160 712 160 717 160 701 160 701 160 717 160 718 160 701 160 718 160 715 160 700 160 719 160 701 160 701 160 719 160 720 160 701 160 720 160 721 160 721 160 722 160 701 160 701 160 722 160 723 160 701 160 723 160 520 160 520 160 723 160 724 160 520 160 724 160 725 160 725 160 726 160 520 160 520 160 726 160 727 160 520 160 727 160 728 160 728 160 729 160 520 160 520 160 729 160 730 160 520 160 730 160 731 160 731 160 732 160 520 160 520 160 732 160 733 160 520 160 733 160 695 160 695 160 733 160 734 160 734 160 735 160 695 160 695 160 735 160 736 160 695 160 736 160 708 160 708 160 736 160 737 160 708 160 737 160 709 160 198 160 197 160 384 160 197 160 738 160 384 160 384 160 738 160 739 160 384 160 739 160 392 160 392 160 739 160 740 160 392 160 740 160 448 160 196 160 198 160 741 160 741 160 198 160 742 160 741 160 742 160 743 160 743 160 742 160 744 160 743 160 744 160 745 160 745 160 744 160 746 160 745 160 746 160 747 160 637 160 231 160 635 160 635 160 231 160 228 160 635 160 228 160 748 160 748 160 228 160 227 160 748 160 227 160 749 160 749 160 227 160 750 160 226 160 751 160 227 160 227 160 751 160 752 160 227 160 752 160 750 160 750 160 752 160 753 160 750 160 753 160 754 160 755 160 756 160 757 160 754 160 758 160 750 160 750 160 758 160 759 160 750 160 759 160 760 160 760 160 759 160 761 160 760 160 761 160 762 160 762 160 761 160 763 160 762 160 763 160 764 160 764 160 763 160 765 160 764 160 765 160 756 160 756 160 765 160 766 160 756 160 766 160 757 160 653 160 655 160 656 160 656 160 655 160 767 160 656 160 767 160 768 160 769 160 770 160 771 160 771 160 770 160 772 160 773 160 656 160 774 160 774 160 656 160 775 160 773 160 776 160 656 160 656 160 776 160 777 160 656 160 777 160 778 160 778 160 777 160 779 160 779 160 780 160 778 160 778 160 780 160 781 160 778 160 781 160 782 160 783 160 784 160 785 160 785 160 784 160 786 160 783 160 787 160 784 160 784 160 787 160 788 160 784 160 788 160 768 160 768 160 788 160 789 160 790 160 791 160 656 160 782 160 792 160 778 160 778 160 792 160 793 160 778 160 793 160 794 160 770 160 795 160 772 160 772 160 795 160 755 160 772 160 755 160 796 160 796 160 755 160 778 160 796 160 778 160 797 160 797 160 778 160 794 160 770 160 798 160 784 160 784 160 798 160 799 160 784 160 799 160 786 160 800 160 801 160 770 160 770 160 801 160 802 160 770 160 802 160 798 160 789 160 803 160 768 160 768 160 803 160 804 160 768 160 804 160 656 160 656 160 804 160 805 160 656 160 805 160 790 160 791 160 806 160 656 160 656 160 806 160 807 160 656 160 807 160 775 160 769 160 808 160 770 160 770 160 808 160 809 160 770 160 809 160 800 160 267 160 810 160 211 160 211 160 810 160 811 160 211 160 811 160 274 160 274 160 811 160 812 160 812 160 813 160 274 160 274 187 813 187 814 187 274 188 814 188 815 188 815 160 816 160 274 160 274 189 816 189 817 189 274 190 817 190 277 190 277 160 817 160 818 160 277 160 818 160 619 160 819 160 820 160 821 160 819 160 821 160 701 160 746 160 822 160 747 160 747 160 822 160 823 160 747 160 823 160 824 160 824 160 823 160 712 160 824 160 712 160 825 160 825 160 712 160 701 160 825 160 701 160 826 160 826 160 701 160 821 160 827 160 828 160 829 160 827 160 829 160 819 160 819 160 829 160 830 160 819 160 830 160 820 160 755 160 757 160 778 160 778 160 757 160 831 160 778 160 831 160 827 160 827 160 831 160 832 160 827 160 832 160 828 160 833 160 827 160 834 160 834 160 827 160 819 160 834 160 819 160 835 160 835 160 819 160 836 160 519 160 837 160 520 160 520 160 837 160 838 160 520 160 838 160 701 160 701 160 838 160 839 160 701 160 839 160 840 160 840 160 841 160 701 160 701 160 841 160 842 160 701 160 842 160 819 160 819 160 842 160 843 160 819 160 843 160 836 160 844 160 671 160 845 160 507 160 846 160 847 160 847 160 846 160 848 160 846 160 849 160 848 160 848 160 849 160 850 160 848 160 850 160 851 160 851 160 850 160 852 160 851 160 852 160 845 160 845 160 852 160 853 160 845 160 853 160 844 160 844 160 854 160 671 160 671 160 854 160 855 160 671 160 855 160 856 160 856 160 857 160 671 160 671 160 857 160 858 160 671 160 858 160 859 160 860 160 861 160 669 160 862 160 863 160 512 160 512 160 863 160 864 160 859 160 865 160 671 160 671 160 865 160 866 160 671 160 866 160 669 160 669 160 866 160 867 160 669 160 867 160 860 160 861 160 868 160 669 160 669 160 868 160 869 160 669 160 869 160 870 160 870 160 871 160 669 160 669 160 871 160 872 160 669 160 872 160 512 160 512 160 872 160 873 160 512 160 873 160 862 160 874 160 875 160 507 160 507 160 875 160 876 160 864 160 877 160 512 160 512 160 877 160 878 160 512 160 878 160 879 160 879 160 880 160 512 160 512 160 880 160 881 160 512 160 881 160 507 160 507 160 881 160 882 160 507 160 882 160 874 160 876 160 883 160 507 160 507 160 883 160 884 160 507 160 884 160 846 160 833 160 885 160 827 160 827 160 885 160 886 160 827 160 886 160 778 160 778 160 886 160 887 160 778 160 887 160 888 160 888 160 889 160 778 160 778 160 889 160 890 160 778 160 890 160 656 160 656 160 890 160 891 160 656 160 891 160 665 160 511 160 501 160 512 160 512 160 501 160 486 160 512 160 486 160 669 160 669 160 486 160 476 160 669 160 476 160 667 160 667 160 476 160 686 160 892 191 893 191 894 191 895 191 896 191 897 191 898 191 899 191 900 191 901 191 902 191 903 191 904 191 905 191 906 191 907 191 908 191 909 191 910 191 911 191 912 191 913 191 914 191 106 191 106 191 914 191 107 191 915 191 110 191 916 191 916 191 110 191 107 191 916 191 107 191 917 191 917 191 107 191 914 191 915 191 918 191 110 191 110 191 918 191 919 191 110 191 919 191 920 191 913 191 106 191 921 191 921 191 106 191 104 191 921 191 104 191 922 191 922 191 104 191 102 191 922 191 102 191 923 191 923 191 102 191 100 191 923 191 100 191 924 191 924 191 100 191 98 191 924 191 98 191 925 191 112 191 926 191 927 191 926 191 112 191 928 191 928 191 112 191 110 191 928 191 110 191 929 191 930 191 110 191 931 191 931 191 110 191 932 191 930 191 933 191 110 191 110 191 933 191 934 191 110 191 934 191 935 191 935 191 936 191 110 191 110 191 936 191 937 191 110 191 937 191 929 191 938 191 939 191 940 191 941 191 902 191 942 191 942 191 902 191 943 191 941 191 944 191 902 191 902 191 944 191 945 191 902 191 945 191 932 191 932 191 945 191 946 191 932 191 946 191 931 191 947 191 948 191 124 191 126 191 949 191 950 191 951 191 952 191 126 191 951 191 126 191 953 191 939 191 954 191 940 191 940 191 954 191 955 191 940 191 955 191 956 191 956 191 955 191 957 191 956 191 957 191 958 191 958 191 957 191 959 191 958 191 959 191 902 191 902 191 959 191 960 191 902 191 960 191 943 191 124 191 948 191 126 191 126 191 948 191 961 191 126 191 961 191 949 191 962 191 963 191 964 191 964 191 963 191 965 191 950 191 966 191 126 191 126 191 966 191 967 191 126 191 967 191 953 191 953 191 967 191 964 191 953 191 964 191 968 191 968 191 964 191 965 191 938 191 940 191 969 191 969 191 940 191 970 191 969 191 970 191 971 191 971 191 970 191 972 191 971 191 972 191 973 191 973 191 972 191 974 191 973 191 974 191 962 191 962 191 974 191 975 191 962 191 975 191 963 191 927 191 976 191 112 191 112 191 976 191 977 191 112 191 977 191 113 191 113 191 977 191 978 191 113 191 978 191 115 191 115 191 978 191 979 191 115 191 979 191 117 191 117 191 979 191 980 191 117 191 980 191 119 191 119 191 980 191 981 191 119 191 981 191 122 191 122 191 981 191 982 191 122 191 982 191 124 191 124 191 982 191 983 191 124 191 983 191 947 191 136 191 133 191 984 191 984 191 133 191 985 191 985 191 133 191 131 191 985 191 131 191 986 191 986 191 131 191 129 191 986 191 129 191 952 191 952 191 129 191 128 191 952 191 128 191 126 191 984 191 987 191 136 191 136 191 987 191 988 191 136 191 988 191 138 191 138 191 988 191 989 191 138 191 989 191 140 191 140 191 989 191 990 191 140 191 990 191 991 191 992 191 993 191 144 191 991 191 994 191 140 191 140 191 994 191 995 191 140 191 995 191 142 191 142 191 995 191 996 191 142 191 996 191 144 191 144 191 996 191 997 191 144 191 997 191 992 191 993 191 998 191 144 191 144 191 998 191 999 191 144 191 999 191 1000 191 1000 191 999 191 1001 191 1000 191 1001 191 1002 191 1003 191 1004 191 144 191 144 191 1004 191 1005 191 144 191 1005 191 1006 191 1006 191 1007 191 144 191 144 191 1007 191 1008 191 144 191 1008 191 146 191 146 191 1008 191 1009 191 146 191 1009 191 1010 191 1003 191 144 191 1011 191 1011 191 144 191 1000 191 1011 191 1000 191 1012 191 162 191 160 191 1013 191 1013 191 160 191 157 191 1010 191 1014 191 146 191 146 191 1014 191 1015 191 146 191 1015 191 147 191 147 191 1015 191 1016 191 147 191 1016 191 149 191 149 191 1016 191 1017 191 149 191 1017 191 152 191 152 191 1017 191 1018 191 152 191 1018 191 154 191 154 191 1018 191 1019 191 154 191 1019 191 155 191 1019 191 1020 191 155 191 155 191 1020 191 1021 191 155 191 1021 191 157 191 1013 191 1022 191 1023 191 912 191 1024 191 1025 191 1023 191 1026 191 1013 191 1013 191 1026 191 1027 191 1013 191 1027 191 162 191 162 191 1027 191 1028 191 162 191 1028 191 164 191 164 191 1028 191 1029 191 1025 191 1030 191 912 191 912 191 1030 191 1031 191 912 191 1031 191 910 191 1032 191 1033 191 174 191 174 191 1033 191 1034 191 174 191 1034 191 912 191 912 191 1034 191 1035 191 912 191 1035 191 1024 191 1036 191 165 191 1037 191 1037 191 165 191 164 191 1037 191 164 191 1038 191 1038 191 164 191 1029 191 1036 191 1039 191 165 191 165 191 1039 191 1040 191 165 191 1040 191 167 191 167 191 1040 191 1041 191 167 191 1041 191 169 191 169 191 1041 191 1042 191 169 191 1042 191 171 191 171 191 1042 191 1043 191 171 191 1043 191 174 191 174 191 1043 191 1044 191 174 191 1044 191 1032 191 180 191 177 191 912 191 912 191 177 191 176 191 912 191 176 191 174 191 1045 191 1046 191 180 191 180 191 1046 191 1047 191 180 191 1047 191 182 191 182 191 1047 191 1048 191 182 191 1048 191 183 191 183 191 1048 191 1049 191 183 191 1049 191 186 191 1049 191 1050 191 186 191 186 191 1050 191 1051 191 186 191 1051 191 188 191 188 191 1051 191 1052 191 188 191 1052 191 190 191 190 191 1052 191 1053 191 190 191 1053 191 192 191 192 191 1053 191 194 191 1053 191 1054 191 194 191 194 191 1054 191 1055 191 194 191 1055 191 195 191 195 191 1055 191 1056 191 195 191 1056 191 0 191 0 191 1056 191 1057 191 0 191 1057 191 4 191 4 191 1057 191 1058 191 4 191 1058 191 1059 191 12 191 9 191 1060 191 1060 191 9 191 8 191 1060 191 8 191 6 191 1061 191 1062 191 20 191 20 191 1062 191 1063 191 20 191 1063 191 1064 191 1065 191 1066 191 909 191 1060 191 1067 191 1068 191 1066 191 1069 191 909 191 909 191 1069 191 1070 191 909 191 1070 191 907 191 1068 191 1071 191 1060 191 1060 191 1071 191 1072 191 1060 191 1072 191 1073 191 1073 191 1074 191 1060 191 1060 191 1074 191 1075 191 1060 191 1075 191 12 191 12 191 1075 191 1076 191 12 191 1076 191 1077 191 1077 191 1078 191 12 191 12 191 1078 191 1079 191 12 191 1079 191 14 191 14 191 1079 191 1080 191 14 191 1080 191 15 191 15 191 1080 191 1081 191 15 191 1081 191 17 191 17 191 1081 191 1082 191 17 191 1082 191 20 191 20 191 1082 191 1083 191 20 191 1083 191 1061 191 1084 191 26 191 909 191 909 191 26 191 23 191 1064 191 1065 191 20 191 20 191 1065 191 909 191 20 191 909 191 22 191 22 191 909 191 23 191 31 191 30 191 1084 191 1084 191 30 191 28 191 1084 191 28 191 26 191 1085 191 1086 191 1087 191 1086 191 1088 191 1087 191 1087 191 1088 191 1089 191 1087 191 1089 191 1090 191 1090 191 1091 191 1087 191 1087 191 1091 191 1092 191 1087 191 1092 191 1093 191 1094 191 1095 191 1096 191 1096 191 1095 191 1087 191 1096 191 1087 191 1097 191 1097 191 1087 191 1093 191 1094 191 1098 191 1095 191 1095 191 1098 191 1099 191 1095 191 1099 191 1100 191 1087 191 43 191 41 191 1101 191 1085 191 38 191 38 191 1085 191 1087 191 38 191 1087 191 40 191 40 191 1087 191 41 191 1102 191 48 191 1087 191 1087 191 48 191 46 191 1087 191 46 191 43 191 54 191 52 191 1102 191 1102 191 52 191 50 191 1102 191 50 191 48 191 1103 191 1104 191 1102 191 1104 191 1105 191 1102 191 1102 191 1105 191 1106 191 1102 191 1106 191 54 191 54 191 1106 191 1107 191 54 191 1107 191 56 191 56 191 1107 191 1108 191 56 191 1108 191 58 191 58 191 1108 191 1109 191 58 191 1109 191 59 191 59 191 1109 191 1110 191 59 191 1110 191 61 191 61 191 1110 191 1111 191 61 191 1111 191 63 191 63 191 1111 191 1112 191 63 191 1112 191 66 191 1113 191 1114 191 1115 191 1115 191 1116 191 1113 191 1113 191 1116 191 1117 191 1113 191 1117 191 1118 191 1119 191 1120 191 1121 191 1121 191 1120 191 1122 191 1121 191 1122 191 1113 191 1113 191 1122 191 1123 191 1113 191 1123 191 1114 191 66 191 1124 191 1125 191 1119 191 1124 191 1120 191 1120 191 1124 191 66 191 1120 191 66 191 1126 191 1126 191 66 191 1112 191 1125 191 1127 191 66 191 66 191 1127 191 1128 191 66 191 1128 191 68 191 68 191 1128 191 1129 191 68 191 1129 191 1130 191 1131 191 1132 191 81 191 1130 191 1133 191 68 191 68 191 1133 191 1134 191 68 191 1134 191 70 191 70 191 1134 191 1135 191 70 191 1135 191 72 191 72 191 1135 191 74 191 1136 191 1137 191 84 191 84 191 1137 191 1138 191 84 191 1138 191 1139 191 1131 191 81 191 1140 191 1140 191 81 191 79 191 1140 191 79 191 1141 191 1141 191 79 191 77 191 1141 191 77 191 1142 191 1142 191 77 191 75 191 1142 191 75 191 1143 191 1132 191 1144 191 81 191 81 191 1144 191 1145 191 81 191 1145 191 84 191 84 191 1145 191 1146 191 84 191 1146 191 1136 191 1139 191 1147 191 84 191 84 191 1147 191 1148 191 84 191 1148 191 1149 191 1150 191 1151 191 88 191 1149 191 904 191 84 191 84 191 904 191 906 191 84 191 906 191 86 191 86 191 906 191 897 191 86 191 897 191 88 191 88 191 897 191 1152 191 88 191 1152 191 1150 191 1151 191 1153 191 88 191 88 191 1153 191 1154 191 88 191 1154 191 1155 191 1155 191 1156 191 88 191 88 191 1156 191 1157 191 88 191 1157 191 90 191 1157 191 1158 191 90 191 90 191 1158 191 1159 191 90 191 1159 191 92 191 1159 191 1160 191 92 191 92 191 1160 191 1161 191 92 191 1161 191 94 191 94 191 1161 191 925 191 94 191 925 191 96 191 96 191 925 191 98 191 1162 191 1163 191 911 191 912 191 1164 191 1165 191 1165 191 1166 191 912 191 912 191 1166 191 1167 191 912 191 1167 191 180 191 180 191 1167 191 1168 191 180 191 1168 191 1045 191 1163 191 1169 191 911 191 911 191 1169 191 1170 191 911 191 1170 191 912 191 912 191 1170 191 1171 191 912 191 1171 191 1164 191 1172 191 1173 191 1174 191 1174 191 1173 191 1175 191 1174 191 1175 191 1176 191 1176 191 1177 191 1174 191 1174 191 1177 191 1178 191 1174 191 1178 191 1179 191 1180 191 1181 191 1172 191 1172 191 1181 191 1182 191 1172 191 1182 191 1173 191 1183 191 1184 191 1185 191 1185 191 1184 191 1186 191 1185 191 1186 191 1187 191 1187 191 1186 191 1188 191 1187 191 1188 191 1189 191 1190 191 1191 191 1060 191 1190 191 1060 191 1192 191 1059 191 1193 191 4 191 4 191 1193 191 1194 191 4 191 1194 191 6 191 6 191 1194 191 1195 191 6 191 1195 191 1060 191 1060 191 1195 191 1196 191 1060 191 1196 191 1192 191 1191 191 1197 191 1060 191 1060 191 1197 191 1198 191 1060 191 1198 191 1067 191 1067 191 1198 191 1199 191 1199 191 1200 191 1067 191 1067 191 1200 191 1201 191 1067 191 1201 191 1202 191 1202 191 1201 191 1203 191 1202 191 1203 191 1204 191 1204 191 1203 191 1205 191 1204 191 1205 191 1185 191 1185 191 1205 191 1206 191 1185 191 1206 191 1183 191 1207 191 1208 191 1209 191 1209 191 1208 191 1210 191 1211 191 1212 191 1213 191 1214 191 1215 191 1216 191 1216 191 1215 191 1217 191 1216 191 1217 191 1212 191 1212 191 1217 191 1218 191 1212 191 1218 191 1213 191 1210 191 1219 191 1209 191 1209 191 1219 191 1220 191 1209 191 1220 191 1221 191 1221 191 1220 191 1211 191 1221 191 1211 191 1222 191 1222 191 1211 191 1213 191 1223 191 1224 191 1225 191 1225 191 1224 191 1226 191 1223 191 1227 191 1224 191 1224 191 1227 191 1228 191 1224 191 1228 191 1229 191 1209 191 1230 191 1231 191 1207 191 1232 191 1233 191 1231 191 1234 191 1209 191 1209 191 1234 191 1235 191 1209 191 1235 191 1207 191 1207 191 1235 191 1236 191 1207 191 1236 191 1232 191 1233 191 1237 191 1207 191 1207 191 1237 191 1238 191 1207 191 1238 191 1229 191 1229 191 1238 191 1239 191 1229 191 1239 191 1224 191 1240 191 1241 191 1172 191 1162 191 911 191 1179 191 1179 191 911 191 1242 191 1179 191 1242 191 1174 191 1174 191 1242 191 1243 191 1174 191 1243 191 1172 191 1172 191 1243 191 1244 191 1172 191 1244 191 1240 191 1241 191 1245 191 1172 191 1172 191 1245 191 1246 191 1172 191 1246 191 1226 191 1226 191 1246 191 1247 191 1226 191 1247 191 1225 191 1248 191 1249 191 1022 191 157 191 1021 191 1013 191 1013 191 1021 191 1250 191 1013 191 1250 191 1251 191 1251 191 1252 191 1013 191 1013 191 1252 191 1253 191 1013 191 1253 191 1254 191 1248 191 1022 191 1255 191 1254 191 1256 191 1013 191 1013 191 1256 191 1257 191 1013 191 1257 191 1022 191 1022 191 1257 191 1258 191 1022 191 1258 191 1255 191 1249 191 1259 191 1022 191 1022 191 1259 191 1260 191 1022 191 1260 191 1261 191 1261 191 1260 191 1262 191 1261 191 1262 191 1263 191 1263 191 1262 191 1264 191 1263 191 1264 191 1265 191 1265 191 1266 191 1263 191 1263 191 1266 191 1267 191 1263 191 1267 191 1268 191 1268 191 1267 191 1269 191 1268 191 1269 191 1270 191 1270 191 1269 191 1271 191 1270 191 1271 191 1272 191 1272 191 1271 191 1273 191 1274 191 1275 191 1276 191 1277 191 1278 191 1279 191 1279 191 1278 191 1280 191 1279 191 1280 191 1002 191 1002 191 1280 191 1281 191 1002 191 1281 191 1000 191 1000 191 1281 191 1282 191 1000 191 1282 191 1012 191 1276 191 1283 191 1274 191 1274 191 1283 191 1215 191 1274 191 1215 191 1271 191 1271 191 1215 191 1214 191 1271 191 1214 191 1273 191 1275 191 1274 191 1284 191 1284 191 1274 191 1285 191 1284 191 1285 191 1279 191 1279 191 1285 191 1286 191 1279 191 1286 191 1277 191 1287 191 1288 191 1084 191 1084 191 1288 191 1289 191 1084 191 1289 191 1290 191 1290 191 1291 191 1084 191 1084 191 1291 191 1292 191 1084 191 1292 191 31 191 31 191 1292 191 1293 191 31 191 1293 191 33 191 33 191 1293 191 1294 191 33 191 1294 191 36 191 36 191 1294 191 1295 191 36 191 1295 191 38 191 38 191 1295 191 1296 191 38 191 1296 191 1101 191 1297 191 1298 191 909 191 909 191 1298 191 1299 191 909 191 1299 191 1300 191 1300 191 1301 191 909 191 909 191 1301 191 1302 191 909 191 1302 191 1084 191 1084 191 1302 191 1303 191 1084 191 1303 191 1287 191 1304 191 1305 191 1306 191 1307 191 1308 191 1309 191 1310 191 1311 191 1312 191 1305 191 1313 191 1306 191 1306 191 1313 191 1314 191 1306 191 1314 191 1315 191 1315 191 1314 191 1316 191 1315 191 1316 191 908 191 908 191 1316 191 1317 191 908 191 1317 191 909 191 909 191 1317 191 1318 191 909 191 1318 191 1297 191 1307 191 1309 191 1319 191 1308 191 1320 191 1309 191 1309 191 1320 191 1321 191 1309 191 1321 191 1322 191 1322 191 1321 191 1323 191 1322 191 1323 191 1324 191 1324 191 1323 191 1310 191 1324 191 1310 191 1325 191 1325 191 1310 191 1312 191 1326 191 1327 191 1328 191 1328 191 1327 191 1329 191 1304 191 1306 191 1330 191 1330 191 1306 191 1331 191 1330 191 1331 191 1327 191 1327 191 1331 191 1332 191 1327 191 1332 191 1329 191 1309 191 1333 191 1319 191 1319 191 1333 191 1334 191 1319 191 1334 191 1100 191 1335 191 1336 191 1337 191 1338 191 1339 191 1340 191 1340 191 1339 191 1341 191 1340 191 1341 191 1342 191 1342 191 1343 191 1340 191 1340 191 1343 191 1344 191 1340 191 1344 191 1345 191 1117 191 1346 191 1118 191 1118 191 1346 191 1347 191 1118 191 1347 191 1348 191 1348 191 1347 191 1349 191 1336 191 1335 191 1350 191 1350 191 1335 191 1351 191 1350 191 1351 191 1345 191 1345 191 1351 191 1352 191 1345 191 1352 191 1340 191 1337 191 1353 191 1335 191 1335 191 1353 191 1354 191 1335 191 1354 191 1347 191 1347 191 1354 191 1355 191 1347 191 1355 191 1349 191 75 191 74 191 1143 191 1143 191 74 191 1135 191 1143 191 1135 191 1356 191 1356 191 1135 191 1134 191 1357 191 1358 191 1359 191 900 191 1360 191 1361 191 1358 191 1362 191 1359 191 1359 191 1362 191 1363 191 1359 191 1363 191 1364 191 1365 191 1366 191 1359 191 1359 191 1366 191 1367 191 1359 191 1367 191 1357 191 1365 191 1368 191 1366 191 1366 191 1368 191 1369 191 1366 191 1369 191 1370 191 1370 191 1371 191 1366 191 1366 191 1371 191 1372 191 1366 191 1372 191 900 191 900 191 1372 191 1373 191 900 191 1373 191 1360 191 1374 191 1375 191 900 191 900 191 1375 191 1376 191 900 191 1376 191 1366 191 899 191 1377 191 900 191 900 191 1377 191 1378 191 900 191 1378 191 1374 191 899 191 1379 191 1377 191 1377 191 1379 191 1380 191 1377 191 1380 191 1381 191 1381 191 1380 191 1382 191 1381 191 1382 191 1383 191 1383 191 1382 191 1384 191 1383 191 1384 191 1385 191 1384 191 1386 191 1385 191 1385 191 1386 191 1311 191 1385 191 1311 191 1326 191 1326 191 1311 191 1310 191 1326 191 1310 191 1327 191 1363 191 1387 191 1364 191 1364 191 1387 191 1388 191 1364 191 1388 191 1187 191 1187 191 1388 191 1389 191 1187 191 1389 191 1390 191 1390 191 1391 191 1187 191 1187 191 1391 191 1392 191 1187 191 1392 191 1185 191 1185 191 1392 191 1393 191 1185 191 1393 191 1204 191 1394 191 1395 191 1396 191 1396 191 1395 191 1397 191 1398 191 1399 191 1400 191 1400 191 1399 191 1401 191 1400 191 1401 191 1402 191 1403 191 1404 191 1405 191 1402 191 1406 191 1400 191 1400 191 1406 191 1407 191 1400 191 1407 191 1408 191 1408 191 1409 191 1400 191 1400 191 1409 191 1410 191 1400 191 1410 191 1221 191 1221 191 1410 191 1411 191 1221 191 1411 191 1412 191 1400 191 1413 191 1398 191 1398 191 1413 191 1404 191 1398 191 1404 191 1414 191 1414 191 1404 191 1403 191 1415 191 1416 191 1417 191 1418 191 1419 191 1405 191 1405 191 1419 191 1420 191 1405 191 1420 191 1403 191 1416 191 1421 191 1417 191 1417 191 1421 191 1422 191 1417 191 1422 191 1423 191 1423 191 1424 191 1417 191 1417 191 1424 191 1425 191 1417 191 1425 191 1426 191 1412 191 1427 191 1221 191 1221 191 1427 191 1428 191 1221 191 1428 191 1209 191 1209 191 1428 191 1429 191 1430 191 1417 191 1431 191 1431 191 1417 191 1426 191 1431 191 1426 191 1405 191 1405 191 1426 191 1432 191 1405 191 1432 191 1418 191 1429 191 1433 191 1209 191 1209 191 1433 191 1434 191 1209 191 1434 191 1435 191 1435 191 1436 191 1209 191 1209 191 1436 191 1437 191 1209 191 1437 191 1438 191 1438 191 1439 191 1209 191 1209 191 1439 191 1440 191 1209 191 1440 191 1417 191 1417 191 1440 191 1441 191 1417 191 1441 191 1415 191 920 191 1442 191 110 191 110 191 1442 191 1443 191 110 191 1443 191 932 191 932 191 1443 191 1444 191 932 191 1444 191 902 191 902 191 1444 191 1445 191 902 191 1445 191 903 191 903 191 1446 191 901 191 901 191 1446 191 1447 191 901 191 1447 191 1448 191 1448 191 1447 191 1449 191 1448 191 1449 191 1450 191 1450 191 1449 191 1451 191 1450 191 1451 191 1452 191 1452 191 1451 191 1453 191 1452 191 1453 191 1394 191 1394 191 1453 191 1454 191 1394 191 1454 191 1395 191 1455 191 1456 191 900 191 1457 191 1458 191 894 191 894 191 1458 191 1459 191 894 191 1459 191 900 191 900 191 1459 191 1460 191 900 191 1460 191 1455 191 900 191 1461 191 1462 191 1463 191 1464 191 894 191 894 191 1464 191 1465 191 1466 191 1467 191 894 191 1456 191 1468 191 900 191 900 191 1468 191 1469 191 900 191 1469 191 1470 191 898 191 900 191 1471 191 1471 191 900 191 1462 191 1471 191 1462 191 1472 191 1473 191 1474 191 1475 191 1475 191 1474 191 1471 191 1475 191 1471 191 1476 191 1476 191 1471 191 1472 191 1477 191 1478 191 1465 191 1465 191 1478 191 1479 191 1465 191 1479 191 894 191 894 191 1479 191 1480 191 894 191 1480 191 1466 191 1467 191 1481 191 894 191 894 191 1481 191 1482 191 894 191 1482 191 1457 191 1470 191 1483 191 900 191 900 191 1483 191 1484 191 900 191 1484 191 1461 191 1473 191 1485 191 1474 191 1474 191 1485 191 1486 191 1474 191 1486 191 1487 191 1487 191 1488 191 1474 191 1474 191 1488 191 1489 191 1474 191 1489 191 1465 191 1465 191 1489 191 1490 191 1465 191 1490 191 1491 191 1491 191 1492 191 1465 191 1465 191 1492 191 1493 191 1465 191 1493 191 1494 191 1494 191 1495 191 1465 191 1465 191 1495 191 1496 191 1465 191 1496 191 1477 191 1463 191 894 191 1497 191 1497 191 894 191 893 191 1497 191 893 191 1498 191 1499 191 1500 191 896 191 1500 191 1501 191 896 191 896 191 1501 191 1502 191 896 191 1502 191 897 191 897 191 1502 191 1503 191 897 191 1503 191 1152 191 893 191 1504 191 1498 191 1498 191 1504 191 1505 191 1498 191 1505 191 1506 191 1506 191 1505 191 1507 191 1506 191 1507 191 1508 191 1508 191 1507 191 1509 191 1508 191 1509 191 896 191 896 191 1509 191 1510 191 896 191 1510 191 1499 191 905 191 1338 191 906 191 906 191 1338 191 1340 191 906 191 1340 191 897 191 897 191 1340 191 1511 191 897 191 1511 191 895 191 1512 191 1513 191 1087 191 1087 191 1513 191 1514 191 1100 191 1334 191 1095 191 1095 191 1334 191 1515 191 1095 191 1515 191 1087 191 1087 191 1515 191 1516 191 1087 191 1516 191 1512 191 1514 191 1517 191 1087 191 1087 191 1517 191 1518 191 1087 191 1518 191 1102 191 1102 191 1518 191 1519 191 1102 191 1519 191 1103 191 892 191 894 191 1520 191 1520 191 894 191 1521 191 1520 191 1521 191 1522 191 1523 191 1524 191 1525 191 1525 191 1524 191 1526 191 1525 191 1526 191 1521 191 1521 191 1526 191 1527 191 1521 191 1527 191 1522 191 1523 191 1525 191 1528 191 1528 191 1525 191 1417 191 1528 191 1417 191 1397 191 1397 191 1417 191 1430 191 1397 191 1430 191 1396 191 1521 191 1529 191 1530 191 1521 191 1530 191 1525 191 1525 191 1530 191 1531 191 1525 191 1531 191 1532 191 1533 191 1534 191 894 191 894 191 1534 191 1535 191 894 191 1535 191 1521 191 1521 191 1535 191 1536 191 1521 191 1536 191 1529 191 1361 191 1537 191 900 191 900 191 1537 191 1538 191 900 191 1538 191 894 191 894 191 1538 191 1539 191 894 191 1539 191 1533 191 1540 191 1541 191 1542 191 1543 191 1544 191 1364 191 1542 191 1541 191 1545 191 1546 191 1547 191 1359 191 1548 191 1549 191 1359 191 1359 191 1549 191 1550 191 1359 191 1550 191 1551 191 1551 191 1550 191 1552 191 1551 191 1552 191 1553 191 1553 191 1552 191 1554 191 1553 191 1554 191 1542 191 1542 191 1554 191 1555 191 1542 191 1555 191 1540 191 1545 191 1541 191 1224 191 1224 191 1541 191 1556 191 1224 191 1556 191 1557 191 1557 191 1558 191 1224 191 1224 191 1558 191 1559 191 1224 191 1559 191 1560 191 1561 191 1226 191 1562 191 1562 191 1226 191 1563 191 1561 191 1564 191 1226 191 1226 191 1564 191 1565 191 1226 191 1565 191 1566 191 1544 191 1567 191 1364 191 1364 191 1567 191 1568 191 1364 191 1568 191 1569 191 1547 191 1570 191 1359 191 1359 191 1570 191 1571 191 1359 191 1571 191 1548 191 1569 191 1572 191 1364 191 1364 191 1572 191 1573 191 1364 191 1573 191 1574 191 1574 191 1575 191 1364 191 1364 191 1575 191 1576 191 1364 191 1576 191 1359 191 1359 191 1576 191 1577 191 1359 191 1577 191 1546 191 1560 191 1578 191 1224 191 1224 191 1578 191 1579 191 1224 191 1579 191 1226 191 1226 191 1579 191 1580 191 1226 191 1580 191 1563 191 1581 191 1582 191 1417 191 1417 191 1582 191 1583 191 1417 191 1583 191 1209 191 1209 191 1583 191 1584 191 1209 191 1584 191 1230 191 1532 191 1585 191 1525 191 1525 191 1585 191 1586 191 1525 191 1586 191 1417 191 1417 191 1586 191 1587 191 1417 191 1587 191 1581 191 1189 191 1180 191 1187 191 1187 191 1180 191 1172 191 1187 191 1172 191 1364 191 1364 191 1172 191 1226 191 1364 191 1226 191 1543 191 1543 191 1226 191 1566 191 1178 192 494 192 1179 192 1179 192 494 192 492 192 1179 193 492 193 1162 193 1162 194 492 194 490 194 1201 195 465 195 1203 195 1203 196 465 196 687 196 1203 197 687 197 1205 197 1205 198 687 198 483 198 1205 199 483 199 1206 199 1206 199 483 199 482 199 1048 200 333 200 1049 200 1049 200 333 200 332 200 1049 201 332 201 1050 201 1050 201 332 201 331 201 1050 202 331 202 1051 202 1051 203 331 203 330 203 1051 204 330 204 1052 204 1052 204 330 204 327 204 1052 204 327 204 1053 204 1053 204 327 204 326 204 1053 204 326 204 1054 204 1054 204 326 204 325 204 1054 205 325 205 1055 205 1055 206 325 206 324 206 1055 207 324 207 1056 207 1056 207 324 207 323 207 1056 208 323 208 1057 208 1057 208 323 208 322 208 1040 209 358 209 1041 209 1041 210 358 210 357 210 1041 211 357 211 1042 211 1042 211 357 211 356 211 1042 212 356 212 1043 212 1043 213 356 213 355 213 1043 214 355 214 1044 214 1044 215 355 215 354 215 1263 216 531 216 1261 216 1261 217 531 217 561 217 1261 218 561 218 1022 218 1022 219 561 219 563 219 1022 220 563 220 1023 220 1023 221 563 221 565 221 542 222 1273 222 543 222 543 223 1273 223 1214 223 543 224 1214 224 555 224 555 224 1214 224 1216 224 1246 225 501 225 1247 225 1247 225 501 225 511 225 1247 225 511 225 1225 225 1225 225 511 225 513 225 910 226 339 226 911 226 911 227 339 227 338 227 911 228 338 228 1242 228 1242 229 338 229 491 229 1242 230 491 230 1243 230 1243 230 491 230 504 230 1243 231 504 231 1244 231 1244 232 504 232 503 232 601 233 1317 233 603 233 603 234 1317 234 1316 234 603 235 1316 235 605 235 605 235 1316 235 1314 235 1099 222 621 222 1100 222 1100 222 621 222 620 222 1100 236 620 236 1319 236 1319 237 620 237 618 237 1319 238 618 238 1307 238 1307 239 618 239 616 239 1291 240 585 240 1292 240 1292 241 585 241 294 241 1292 242 294 242 1293 242 1293 243 294 243 293 243 1293 244 293 244 1294 244 1294 244 293 244 291 244 1294 245 291 245 1295 245 1295 245 291 245 290 245 1295 246 290 246 1296 246 1296 247 290 247 289 247 1296 248 289 248 1101 248 1101 249 289 249 288 249 1101 250 288 250 1085 250 1085 251 288 251 287 251 641 252 639 252 1354 252 1354 253 639 253 1355 253 231 254 1338 254 232 254 232 254 1338 254 905 254 232 254 905 254 233 254 233 254 905 254 904 254 1133 255 652 255 1134 255 1134 256 652 256 651 256 1134 257 651 257 1356 257 1356 258 651 258 650 258 1356 259 650 259 1143 259 1143 260 650 260 251 260 1143 261 251 261 1142 261 1142 261 251 261 250 261 1142 262 250 262 1141 262 1141 262 250 262 249 262 1141 263 249 263 1140 263 1140 264 249 264 248 264 1140 265 248 265 1131 265 1131 266 248 266 247 266 945 225 393 225 946 225 946 225 393 225 391 225 946 225 391 225 931 225 931 225 391 225 390 225 938 267 969 267 414 267 414 268 969 268 416 268 977 269 430 269 978 269 978 270 430 270 445 270 978 271 445 271 979 271 979 272 445 272 446 272 979 273 446 273 980 273 980 273 446 273 441 273 980 274 441 274 981 274 981 274 441 274 440 274 981 275 440 275 982 275 982 276 440 276 439 276 982 277 439 277 983 277 983 277 439 277 412 277 1280 278 528 278 1281 278 1281 278 528 278 372 278 1281 279 372 279 1282 279 1282 279 372 279 371 279 560 280 1264 280 562 280 562 280 1264 280 1262 280 562 281 1262 281 564 281 564 282 1262 282 1260 282 1015 283 577 283 1016 283 1016 284 577 284 576 284 1016 285 576 285 1017 285 1017 286 576 286 575 286 1017 287 575 287 1018 287 1018 288 575 288 574 288 1018 289 574 289 1019 289 1019 289 574 289 573 289 1019 290 573 290 1020 290 1020 290 573 290 572 290 1020 291 572 291 1021 291 1021 292 572 292 571 292 1021 293 571 293 1250 293 1250 294 571 294 570 294 1079 295 318 295 1080 295 1080 296 318 296 317 296 1080 297 317 297 1081 297 1081 298 317 298 316 298 1081 299 316 299 1082 299 1082 299 316 299 315 299 1082 300 315 300 1083 300 1083 301 315 301 314 301 208 302 1068 302 209 302 209 303 1068 303 1067 303 209 304 1067 304 688 304 688 305 1067 305 1202 305 688 306 1202 306 689 306 689 307 1202 307 1204 307 689 308 1204 308 690 308 690 308 1204 308 1393 308 690 309 1393 309 691 309 691 310 1393 310 1392 310 667 254 1388 254 668 254 668 254 1388 254 1387 254 668 254 1387 254 670 254 670 254 1387 254 1363 254 661 311 1383 311 662 311 662 312 1383 312 1385 312 662 313 1385 313 202 313 202 314 1385 314 1326 314 202 315 1326 315 611 315 611 316 1326 316 1328 316 604 317 1306 317 602 317 602 197 1306 197 1315 197 602 318 1315 318 298 318 298 319 1315 319 908 319 298 320 908 320 299 320 299 321 908 321 907 321 986 322 407 322 985 322 985 323 407 323 406 323 985 324 406 324 984 324 984 325 406 325 405 325 984 326 405 326 987 326 987 327 405 327 404 327 987 328 404 328 988 328 988 329 404 329 403 329 988 330 403 330 989 330 989 331 403 331 382 331 397 332 415 332 940 332 940 333 415 333 970 333 742 334 1448 334 744 334 744 334 1448 334 1450 334 744 335 1450 335 746 335 746 335 1450 335 1452 335 556 336 1217 336 557 336 557 337 1217 337 1215 337 557 338 1215 338 558 338 558 338 1215 338 1283 338 999 339 541 339 1001 339 1001 340 541 340 540 340 1001 341 540 341 1002 341 1002 341 540 341 539 341 1002 342 539 342 1279 342 1279 342 539 342 530 342 1106 343 268 343 1107 343 1107 344 268 344 269 344 1107 345 269 345 1108 345 1108 346 269 346 270 346 1108 347 270 347 1109 347 1109 348 270 348 271 348 1109 349 271 349 1110 349 1110 350 271 350 272 350 1110 351 272 351 1111 351 1111 352 272 352 273 352 817 353 1516 353 818 353 818 354 1516 354 1515 354 818 355 1515 355 619 355 619 355 1515 355 1334 355 619 356 1334 356 617 356 617 357 1334 357 1333 357 617 358 1333 358 598 358 598 253 1333 253 1309 253 1384 359 660 359 1386 359 1386 360 660 360 204 360 1386 361 204 361 1311 361 1311 362 204 362 203 362 1311 363 203 363 1312 363 1312 363 203 363 608 363 762 364 1506 364 760 364 760 364 1506 364 1508 364 760 365 1508 365 750 365 750 366 1508 366 896 366 750 367 896 367 749 367 749 368 896 368 895 368 1346 369 631 369 1347 369 1347 370 631 370 629 370 1347 371 629 371 1335 371 1335 371 629 371 640 371 1159 372 220 372 1160 372 1160 372 220 372 216 372 1160 373 216 373 1161 373 1161 373 216 373 215 373 1161 374 215 374 925 374 925 374 215 374 214 374 925 375 214 375 924 375 924 375 214 375 213 375 924 376 213 376 923 376 923 376 213 376 212 376 923 377 212 377 922 377 922 377 212 377 458 377 922 378 458 378 921 378 921 378 458 378 457 378 921 379 457 379 913 379 913 379 457 379 456 379 1502 225 752 225 1503 225 1503 225 752 225 751 225 1503 225 751 225 1152 225 1152 225 751 225 226 225 1507 380 763 380 1509 380 1509 380 763 380 761 380 1509 381 761 381 1510 381 1510 381 761 381 759 381 745 382 1453 382 743 382 743 382 1453 382 1451 382 743 383 1451 383 741 383 741 383 1451 383 1449 383 739 254 1445 254 740 254 740 254 1445 254 1444 254 740 254 1444 254 448 254 448 254 1444 254 1443 254 641 384 1354 384 642 384 642 385 1354 385 1353 385 642 386 1353 386 643 386 643 387 1353 387 1337 387 643 388 1337 388 644 388 644 389 1337 389 1336 389 644 390 1336 390 646 390 646 390 1336 390 1350 390 646 391 1350 391 648 391 648 392 1350 392 1345 392 648 393 1345 393 649 393 649 393 1345 393 1344 393 649 394 1344 394 633 394 633 394 1344 394 1343 394 633 395 1343 395 634 395 634 396 1343 396 1342 396 634 397 1342 397 636 397 636 398 1342 398 1341 398 636 399 1341 399 637 399 637 399 1341 399 1339 399 637 400 1339 400 231 400 231 400 1339 400 1338 400 393 401 945 401 394 401 394 401 945 401 944 401 394 402 944 402 386 402 386 402 944 402 941 402 386 403 941 403 385 403 385 404 941 404 942 404 385 405 942 405 383 405 383 406 942 406 943 406 383 407 943 407 387 407 387 407 943 407 960 407 387 408 960 408 388 408 388 408 960 408 959 408 388 409 959 409 396 409 396 410 959 410 957 410 396 411 957 411 398 411 398 411 957 411 955 411 398 412 955 412 399 412 399 413 955 413 954 413 399 414 954 414 413 414 413 415 954 415 939 415 413 416 939 416 414 416 414 417 939 417 938 417 1131 418 247 418 1132 418 1132 418 247 418 246 418 1132 419 246 419 1144 419 1144 419 246 419 241 419 1144 420 241 420 1145 420 1145 420 241 420 240 420 1145 421 240 421 1146 421 1146 421 240 421 239 421 1146 422 239 422 1136 422 1136 423 239 423 238 423 1136 424 238 424 1137 424 1137 425 238 425 230 425 1137 426 230 426 1138 426 1138 427 230 427 229 427 1138 428 229 428 1139 428 1139 429 229 429 237 429 1139 430 237 430 1147 430 1147 431 237 431 236 431 1147 432 236 432 1148 432 1148 432 236 432 235 432 1148 433 235 433 1149 433 1149 434 235 434 234 434 1149 435 234 435 904 435 904 435 234 435 233 435 1355 436 639 436 1349 436 1349 437 639 437 638 437 1349 438 638 438 1348 438 1348 438 638 438 628 438 1348 439 628 439 1118 439 1118 440 628 440 630 440 1118 441 630 441 1113 441 1113 441 630 441 259 441 1113 442 259 442 1121 442 1121 443 259 443 261 443 1121 444 261 444 1119 444 1119 445 261 445 264 445 1119 446 264 446 1124 446 1124 447 264 447 265 447 1124 448 265 448 1125 448 1125 448 265 448 255 448 1125 449 255 449 1127 449 1127 449 255 449 254 449 1127 450 254 450 1128 450 1128 450 254 450 253 450 1128 451 253 451 1129 451 1129 452 253 452 245 452 1129 453 245 453 1130 453 1130 453 245 453 244 453 1130 454 244 454 1133 454 1133 454 244 454 652 454 931 455 390 455 930 455 930 455 390 455 444 455 930 456 444 456 933 456 933 457 444 457 443 457 933 458 443 458 934 458 934 458 443 458 442 458 934 459 442 459 935 459 935 460 442 460 438 460 935 461 438 461 936 461 936 462 438 462 437 462 936 463 437 463 937 463 937 464 437 464 436 464 937 465 436 465 929 465 929 466 436 466 435 466 929 467 435 467 928 467 928 468 435 468 434 468 928 469 434 469 926 469 926 469 434 469 433 469 926 470 433 470 927 470 927 470 433 470 432 470 927 471 432 471 976 471 976 471 432 471 431 471 976 472 431 472 977 472 977 472 431 472 430 472 983 473 412 473 947 473 947 473 412 473 411 473 947 474 411 474 948 474 948 474 411 474 400 474 948 475 400 475 961 475 961 476 400 476 401 476 961 477 401 477 949 477 949 477 401 477 402 477 949 478 402 478 950 478 950 478 402 478 429 478 950 479 429 479 966 479 966 479 429 479 428 479 966 480 428 480 967 480 967 481 428 481 427 481 967 482 427 482 964 482 964 483 427 483 424 483 964 484 424 484 962 484 962 485 424 485 422 485 962 486 422 486 973 486 973 487 422 487 420 487 973 488 420 488 971 488 971 488 420 488 418 488 971 489 418 489 969 489 969 490 418 490 416 490 1282 491 371 491 1012 491 1012 492 371 492 370 492 1012 493 370 493 1011 493 1011 494 370 494 369 494 1011 495 369 495 1003 495 1003 495 369 495 367 495 1003 496 367 496 1004 496 1004 496 367 496 366 496 1004 497 366 497 1005 497 1005 498 366 498 365 498 1005 499 365 499 1006 499 1006 500 365 500 364 500 1006 501 364 501 1007 501 1007 502 364 502 363 502 1007 503 363 503 1008 503 1008 504 363 504 359 504 1008 505 359 505 1009 505 1009 505 359 505 360 505 1009 506 360 506 1010 506 1010 506 360 506 361 506 1010 507 361 507 1014 507 1014 507 361 507 362 507 1014 508 362 508 1015 508 1015 509 362 509 577 509 1250 510 570 510 1251 510 1251 511 570 511 567 511 1251 512 567 512 1252 512 1252 513 567 513 568 513 1252 514 568 514 1253 514 1253 515 568 515 569 515 1253 516 569 516 1254 516 1254 517 569 517 579 517 1254 518 579 518 1256 518 1256 519 579 519 578 519 1256 520 578 520 1257 520 1257 521 578 521 566 521 1257 522 566 522 1258 522 1258 523 566 523 584 523 1258 524 584 524 1255 524 1255 525 584 525 583 525 1255 526 583 526 1248 526 1248 527 583 527 582 527 1248 528 582 528 1249 528 1249 528 582 528 581 528 1249 529 581 529 1259 529 1259 530 581 530 580 530 1259 531 580 531 1260 531 1260 532 580 532 564 532 528 533 1280 533 529 533 529 533 1280 533 1278 533 529 534 1278 534 545 534 545 534 1278 534 1277 534 545 535 1277 535 546 535 546 536 1277 536 1286 536 546 537 1286 537 548 537 548 538 1286 538 1285 538 548 539 1285 539 544 539 544 540 1285 540 1274 540 544 541 1274 541 536 541 536 541 1274 541 1271 541 536 542 1271 542 534 542 534 542 1271 542 1269 542 534 543 1269 543 532 543 532 544 1269 544 1267 544 532 545 1267 545 533 545 533 546 1267 546 1266 546 533 547 1266 547 559 547 559 547 1266 547 1265 547 559 548 1265 548 560 548 560 548 1265 548 1264 548 605 549 1314 549 606 549 606 549 1314 549 1313 549 606 550 1313 550 622 550 622 550 1313 550 1305 550 622 551 1305 551 623 551 623 552 1305 552 1304 552 623 553 1304 553 625 553 625 554 1304 554 1330 554 625 555 1330 555 610 555 610 555 1330 555 1327 555 610 556 1327 556 609 556 609 556 1327 556 1310 556 609 557 1310 557 612 557 612 558 1310 558 1323 558 612 559 1323 559 596 559 596 560 1323 560 1321 560 596 561 1321 561 597 561 597 562 1321 562 1320 562 597 563 1320 563 615 563 615 563 1320 563 1308 563 615 564 1308 564 616 564 616 564 1308 564 1307 564 1085 565 287 565 1086 565 1086 566 287 566 286 566 1086 567 286 567 1088 567 1088 567 286 567 284 567 1088 568 284 568 1089 568 1089 568 284 568 283 568 1089 569 283 569 1090 569 1090 569 283 569 282 569 1090 570 282 570 1091 570 1091 571 282 571 281 571 1091 572 281 572 1092 572 1092 573 281 573 280 573 1092 574 280 574 1093 574 1093 575 280 575 279 575 1093 576 279 576 1097 576 1097 577 279 577 278 577 1097 578 278 578 1096 578 1096 578 278 578 285 578 1096 579 285 579 1094 579 1094 579 285 579 276 579 1094 580 276 580 1098 580 1098 581 276 581 275 581 1098 582 275 582 1099 582 1099 583 275 583 621 583 1317 584 601 584 1318 584 1318 584 601 584 600 584 1318 585 600 585 1297 585 1297 586 600 586 599 586 1297 587 599 587 1298 587 1298 588 599 588 595 588 1298 589 595 589 1299 589 1299 589 595 589 594 589 1299 590 594 590 1300 590 1300 591 594 591 593 591 1300 592 593 592 1301 592 1301 593 593 593 590 593 1301 594 590 594 1302 594 1302 595 590 595 591 595 1302 596 591 596 1303 596 1303 597 591 597 592 597 1303 598 592 598 1287 598 1287 599 592 599 589 599 1287 600 589 600 1288 600 1288 601 589 601 588 601 1288 602 588 602 1289 602 1289 603 588 603 587 603 1289 604 587 604 1290 604 1290 605 587 605 586 605 1290 606 586 606 1291 606 1291 607 586 607 585 607 1162 608 490 608 1163 608 1163 609 490 609 489 609 1163 610 489 610 1169 610 1169 611 489 611 464 611 1169 612 464 612 1170 612 1170 613 464 613 463 613 1170 614 463 614 1171 614 1171 614 463 614 462 614 1171 615 462 615 1164 615 1164 615 462 615 461 615 1164 616 461 616 1165 616 1165 616 461 616 460 616 1165 617 460 617 1166 617 1166 618 460 618 459 618 1166 619 459 619 1167 619 1167 620 459 620 206 620 1167 621 206 621 1168 621 1168 621 206 621 205 621 1168 622 205 622 1045 622 1045 623 205 623 329 623 1045 624 329 624 1046 624 1046 625 329 625 328 625 1046 626 328 626 1047 626 1047 626 328 626 334 626 1047 627 334 627 1048 627 1048 627 334 627 333 627 494 628 1178 628 495 628 495 629 1178 629 1177 629 495 630 1177 630 496 630 496 631 1177 631 1176 631 496 632 1176 632 497 632 497 632 1176 632 1175 632 497 633 1175 633 498 633 498 634 1175 634 1173 634 498 635 1173 635 484 635 484 635 1173 635 1182 635 484 636 1182 636 485 636 485 637 1182 637 1181 637 485 638 1181 638 487 638 487 638 1181 638 1180 638 487 639 1180 639 488 639 488 640 1180 640 1189 640 488 641 1189 641 477 641 477 641 1189 641 1188 641 477 642 1188 642 479 642 479 643 1188 643 1186 643 479 644 1186 644 480 644 480 644 1186 644 1184 644 480 645 1184 645 481 645 481 646 1184 646 1183 646 481 647 1183 647 482 647 482 648 1183 648 1206 648 1057 649 322 649 1058 649 1058 649 322 649 321 649 1058 650 321 650 1059 650 1059 650 321 650 320 650 1059 651 320 651 1193 651 1193 652 320 652 319 652 1193 653 319 653 1194 653 1194 654 319 654 472 654 1194 655 472 655 1195 655 1195 656 472 656 471 656 1195 657 471 657 1196 657 1196 657 471 657 470 657 1196 658 470 658 1192 658 1192 659 470 659 469 659 1192 660 469 660 1190 660 1190 661 469 661 468 661 1190 662 468 662 1191 662 1191 662 468 662 467 662 1191 663 467 663 1197 663 1197 663 467 663 475 663 1197 664 475 664 1198 664 1198 664 475 664 474 664 1198 665 474 665 1199 665 1199 666 474 666 473 666 1199 667 473 667 1200 667 1200 668 473 668 466 668 1200 669 466 669 1201 669 1201 670 466 670 465 670 1516 671 817 671 1512 671 1512 672 817 672 816 672 1512 673 816 673 1513 673 1513 673 816 673 815 673 1513 674 815 674 1514 674 1514 674 815 674 814 674 1514 675 814 675 1517 675 1517 676 814 676 813 676 1517 677 813 677 1518 677 1518 678 813 678 812 678 1518 679 812 679 1519 679 1519 679 812 679 811 679 1519 680 811 680 1103 680 1103 681 811 681 810 681 1103 682 810 682 1104 682 1104 682 810 682 267 682 1104 683 267 683 1105 683 1105 684 267 684 266 684 1105 685 266 685 1106 685 1106 685 266 685 268 685 1111 686 273 686 1112 686 1112 687 273 687 243 687 1112 688 243 688 1126 688 1126 688 243 688 242 688 1126 689 242 689 1120 689 1120 690 242 690 256 690 1120 691 256 691 1122 691 1122 692 256 692 263 692 1122 693 263 693 1123 693 1123 694 263 694 262 694 1123 695 262 695 1114 695 1114 696 262 696 260 696 1114 697 260 697 1115 697 1115 697 260 697 258 697 1115 698 258 698 1116 698 1116 698 258 698 257 698 1116 699 257 699 1117 699 1117 700 257 700 632 700 1117 701 632 701 1346 701 1346 701 632 701 631 701 1152 702 226 702 1150 702 1150 703 226 703 225 703 1150 704 225 704 1151 704 1151 705 225 705 224 705 1151 706 224 706 1153 706 1153 706 224 706 223 706 1153 707 223 707 1154 707 1154 708 223 708 219 708 1154 709 219 709 1155 709 1155 710 219 710 218 710 1155 711 218 711 1156 711 1156 712 218 712 217 712 1156 713 217 713 1157 713 1157 713 217 713 222 713 1157 714 222 714 1158 714 1158 714 222 714 221 714 1158 715 221 715 1159 715 1159 715 221 715 220 715 913 716 456 716 914 716 914 716 456 716 455 716 914 717 455 717 917 717 917 717 455 717 447 717 917 718 447 718 916 718 916 718 447 718 454 718 916 719 454 719 915 719 915 720 454 720 453 720 915 721 453 721 918 721 918 722 453 722 452 722 918 723 452 723 919 723 919 724 452 724 451 724 919 725 451 725 920 725 920 725 451 725 450 725 920 726 450 726 1442 726 1442 727 450 727 449 727 1442 728 449 728 1443 728 1443 729 449 729 448 729 970 730 415 730 972 730 972 730 415 730 417 730 972 731 417 731 974 731 974 732 417 732 419 732 974 733 419 733 975 733 975 733 419 733 421 733 975 734 421 734 963 734 963 734 421 734 426 734 963 735 426 735 965 735 965 736 426 736 425 736 965 737 425 737 968 737 968 738 425 738 423 738 968 739 423 739 953 739 953 740 423 740 410 740 953 741 410 741 951 741 951 742 410 742 409 742 951 743 409 743 952 743 952 743 409 743 408 743 952 744 408 744 986 744 986 745 408 745 407 745 989 746 382 746 990 746 990 746 382 746 381 746 990 747 381 747 991 747 991 748 381 748 380 748 991 749 380 749 994 749 994 749 380 749 379 749 994 750 379 750 995 750 995 751 379 751 378 751 995 752 378 752 996 752 996 752 378 752 377 752 996 753 377 753 997 753 997 754 377 754 376 754 997 755 376 755 992 755 992 756 376 756 375 756 992 757 375 757 993 757 993 757 375 757 374 757 993 758 374 758 998 758 998 758 374 758 373 758 998 759 373 759 999 759 999 760 373 760 541 760 1023 761 565 761 1026 761 1026 762 565 762 337 762 1026 763 337 763 1027 763 1027 763 337 763 336 763 1027 764 336 764 1028 764 1028 765 336 765 345 765 1028 766 345 766 1029 766 1029 766 345 766 346 766 1029 767 346 767 1038 767 1038 767 346 767 347 767 1038 768 347 768 1037 768 1037 769 347 769 348 769 1037 770 348 770 1036 770 1036 771 348 771 341 771 1036 772 341 772 1039 772 1039 772 341 772 340 772 1039 773 340 773 1040 773 1040 774 340 774 358 774 1044 775 354 775 1032 775 1032 776 354 776 353 776 1032 777 353 777 1033 777 1033 778 353 778 352 778 1033 779 352 779 1034 779 1034 779 352 779 351 779 1034 780 351 780 1035 780 1035 781 351 781 350 781 1035 782 350 782 1024 782 1024 783 350 783 349 783 1024 784 349 784 1025 784 1025 784 349 784 344 784 1025 785 344 785 1030 785 1030 785 344 785 343 785 1030 786 343 786 1031 786 1031 787 343 787 342 787 1031 788 342 788 910 788 910 789 342 789 339 789 1068 790 208 790 1071 790 1071 791 208 791 312 791 1071 792 312 792 1072 792 1072 793 312 793 311 793 1072 794 311 794 1073 794 1073 794 311 794 310 794 1073 795 310 795 1074 795 1074 795 310 795 309 795 1074 796 309 796 1075 796 1075 797 309 797 308 797 1075 798 308 798 1076 798 1076 799 308 799 307 799 1076 800 307 800 1077 800 1077 800 307 800 306 800 1077 801 306 801 1078 801 1078 802 306 802 305 802 1078 803 305 803 1079 803 1079 804 305 804 318 804 1083 805 314 805 1061 805 1061 806 314 806 313 806 1061 807 313 807 1062 807 1062 807 313 807 297 807 1062 808 297 808 1063 808 1063 809 297 809 296 809 1063 810 296 810 1064 810 1064 811 296 811 304 811 1064 812 304 812 1065 812 1065 812 304 812 303 812 1065 813 303 813 1066 813 1066 813 303 813 302 813 1066 814 302 814 1069 814 1069 815 302 815 301 815 1069 816 301 816 1070 816 1070 816 301 816 300 816 1070 817 300 817 907 817 907 818 300 818 299 818 763 819 1507 819 765 819 765 819 1507 819 1505 819 765 820 1505 820 766 820 766 821 1505 821 1504 821 766 822 1504 822 757 822 757 823 1504 823 893 823 757 824 893 824 831 824 831 825 893 825 892 825 831 826 892 826 832 826 832 827 892 827 1520 827 832 828 1520 828 828 828 828 829 1520 829 1522 829 828 830 1522 830 829 830 829 831 1522 831 1527 831 829 204 1527 204 830 204 830 204 1527 204 1526 204 830 832 1526 832 820 832 820 833 1526 833 1524 833 820 834 1524 834 821 834 821 835 1524 835 1523 835 821 836 1523 836 826 836 826 837 1523 837 1528 837 826 838 1528 838 825 838 825 839 1528 839 1397 839 825 840 1397 840 824 840 824 841 1397 841 1395 841 824 842 1395 842 747 842 747 843 1395 843 1454 843 747 844 1454 844 745 844 745 844 1454 844 1453 844 746 845 1452 845 822 845 822 846 1452 846 1394 846 822 847 1394 847 823 847 823 848 1394 848 1396 848 823 849 1396 849 712 849 712 849 1396 849 1430 849 712 850 1430 850 698 850 698 850 1430 850 1431 850 698 851 1431 851 706 851 706 852 1431 852 1405 852 706 853 1405 853 708 853 708 854 1405 854 1404 854 708 855 1404 855 695 855 695 856 1404 856 1413 856 695 857 1413 857 694 857 694 858 1413 858 1400 858 694 859 1400 859 693 859 693 860 1400 860 1221 860 693 861 1221 861 551 861 551 862 1221 862 1222 862 551 863 1222 863 552 863 552 864 1222 864 1213 864 552 865 1213 865 554 865 554 865 1213 865 1218 865 554 866 1218 866 556 866 556 867 1218 867 1217 867 555 868 1216 868 553 868 553 869 1216 869 1212 869 553 870 1212 870 692 870 692 871 1212 871 1211 871 692 872 1211 872 524 872 524 873 1211 873 1220 873 524 874 1220 874 525 874 525 875 1220 875 1219 875 525 876 1219 876 526 876 526 877 1219 877 1210 877 526 878 1210 878 527 878 527 879 1210 879 1208 879 527 880 1208 880 509 880 509 880 1208 880 1207 880 509 881 1207 881 510 881 510 881 1207 881 1229 881 510 882 1229 882 505 882 505 883 1229 883 1228 883 505 884 1228 884 506 884 506 885 1228 885 1227 885 506 886 1227 886 514 886 514 886 1227 886 1223 886 514 887 1223 887 513 887 513 888 1223 888 1225 888 670 889 1363 889 672 889 672 890 1363 890 1362 890 672 891 1362 891 673 891 673 891 1362 891 1358 891 673 892 1358 892 674 892 674 893 1358 893 1357 893 674 894 1357 894 675 894 675 895 1357 895 1367 895 675 896 1367 896 657 896 657 896 1367 896 1366 896 657 897 1366 897 658 897 658 897 1366 897 1376 897 658 898 1376 898 663 898 663 899 1376 899 1375 899 663 900 1375 900 664 900 664 901 1375 901 1374 901 664 902 1374 902 653 902 653 903 1374 903 1378 903 653 904 1378 904 654 904 654 905 1378 905 1377 905 654 906 1377 906 201 906 201 907 1377 907 1381 907 201 908 1381 908 661 908 661 909 1381 909 1383 909 660 910 1384 910 199 910 199 911 1384 911 1382 911 199 912 1382 912 200 912 200 912 1382 912 1380 912 200 913 1380 913 659 913 659 914 1380 914 1379 914 659 915 1379 915 655 915 655 916 1379 916 899 916 655 917 899 917 767 917 767 918 899 918 898 918 767 919 898 919 768 919 768 920 898 920 1471 920 768 921 1471 921 784 921 784 922 1471 922 1474 922 784 923 1474 923 770 923 770 924 1474 924 1465 924 770 925 1465 925 795 925 795 926 1465 926 1464 926 795 927 1464 927 755 927 755 927 1464 927 1463 927 755 928 1463 928 756 928 756 928 1463 928 1497 928 756 929 1497 929 764 929 764 930 1497 930 1498 930 764 931 1498 931 762 931 762 932 1498 932 1506 932 598 933 1309 933 613 933 613 934 1309 934 1322 934 613 935 1322 935 614 935 614 936 1322 936 1324 936 614 937 1324 937 607 937 607 938 1324 938 1325 938 607 939 1325 939 608 939 608 940 1325 940 1312 940 749 941 895 941 748 941 748 941 895 941 1511 941 748 942 1511 942 635 942 635 942 1511 942 1340 942 635 943 1340 943 647 943 647 944 1340 944 1352 944 647 945 1352 945 645 945 645 946 1352 946 1351 946 645 947 1351 947 640 947 640 947 1351 947 1335 947 752 948 1502 948 753 948 753 948 1502 948 1501 948 753 949 1501 949 754 949 754 949 1501 949 1500 949 754 950 1500 950 758 950 758 950 1500 950 1499 950 758 951 1499 951 759 951 759 951 1499 951 1510 951 741 952 1449 952 196 952 196 952 1449 952 1447 952 196 953 1447 953 197 953 197 953 1447 953 1446 953 197 954 1446 954 738 954 738 954 1446 954 903 954 738 955 903 955 739 955 739 955 903 955 1445 955 397 956 940 956 395 956 395 956 940 956 956 956 395 957 956 957 389 957 389 958 956 958 958 958 389 959 958 959 384 959 384 960 958 960 902 960 384 961 902 961 198 961 198 961 902 961 901 961 198 962 901 962 742 962 742 962 901 962 1448 962 558 933 1283 933 550 933 550 934 1283 934 1276 934 550 935 1276 935 549 935 549 936 1276 936 1275 936 549 963 1275 963 547 963 547 964 1275 964 1284 964 547 965 1284 965 530 965 530 966 1284 966 1279 966 531 967 1263 967 535 967 535 968 1263 968 1268 968 535 969 1268 969 537 969 537 970 1268 970 1270 970 537 971 1270 971 538 971 538 972 1270 972 1272 972 538 973 1272 973 542 973 542 947 1272 947 1273 947 611 956 1328 956 627 956 627 974 1328 974 1329 974 627 975 1329 975 626 975 626 976 1329 976 1332 976 626 977 1332 977 624 977 624 978 1332 978 1331 978 624 979 1331 979 604 979 604 980 1331 980 1306 980 691 981 1392 981 684 981 684 982 1392 982 1391 982 684 983 1391 983 685 983 685 983 1391 983 1390 983 685 954 1390 954 686 954 686 984 1390 984 1389 984 686 955 1389 955 667 955 667 955 1389 955 1388 955 501 985 1246 985 499 985 499 985 1246 985 1245 985 499 986 1245 986 500 986 500 987 1245 987 1241 987 500 988 1241 988 502 988 502 988 1241 988 1240 988 502 989 1240 989 503 989 503 990 1240 990 1244 990 1531 991 834 991 1532 991 1532 992 834 992 835 992 1532 993 835 993 1585 993 1585 993 835 993 836 993 1585 994 836 994 1586 994 1586 994 836 994 843 994 1586 995 843 995 1587 995 1587 995 843 995 842 995 1587 996 842 996 1581 996 1581 997 842 997 841 997 1581 998 841 998 1582 998 1582 999 841 999 840 999 1582 1000 840 1000 1583 1000 1583 1000 840 1000 839 1000 1583 1001 839 1001 1584 1001 1584 1002 839 1002 838 1002 1584 1003 838 1003 1230 1003 1230 1003 838 1003 837 1003 1230 1004 837 1004 1231 1004 1231 1005 837 1005 519 1005 1231 1006 519 1006 1234 1006 1234 1007 519 1007 518 1007 1234 1008 518 1008 1235 1008 1235 1009 518 1009 523 1009 1235 1010 523 1010 1236 1010 1236 1011 523 1011 522 1011 1236 1012 522 1012 1232 1012 1232 1013 522 1013 521 1013 1232 1014 521 1014 1233 1014 1233 1014 521 1014 517 1014 1233 1015 517 1015 1237 1015 1237 1015 517 1015 516 1015 1237 1016 516 1016 1238 1016 1238 1017 516 1017 515 1017 1238 1018 515 1018 1239 1018 1239 1018 515 1018 508 1018 1239 1019 508 1019 1224 1019 1224 1020 508 1020 507 1020 1224 1021 507 1021 1545 1021 1545 1022 507 1022 847 1022 1545 1023 847 1023 1542 1023 1542 1024 847 1024 848 1024 1542 204 848 204 1553 204 1553 204 848 204 851 204 1553 1025 851 1025 1551 1025 1551 1026 851 1026 845 1026 1551 1027 845 1027 1359 1027 1359 1028 845 1028 671 1028 1359 1029 671 1029 1365 1029 1365 1030 671 1030 683 1030 1365 1031 683 1031 1368 1031 1368 1031 683 1031 682 1031 1368 1032 682 1032 1369 1032 1369 1033 682 1033 681 1033 1369 1034 681 1034 1370 1034 1370 1034 681 1034 680 1034 1370 1035 680 1035 1371 1035 1371 1035 680 1035 679 1035 1371 1036 679 1036 1372 1036 1372 1037 679 1037 678 1037 1372 1038 678 1038 1373 1038 1373 1039 678 1039 677 1039 1373 1040 677 1040 1360 1040 1360 1041 677 1041 676 1041 1360 1042 676 1042 1361 1042 1361 1043 676 1043 666 1043 1361 1044 666 1044 1537 1044 1537 1045 666 1045 665 1045 1537 1046 665 1046 1538 1046 1538 1046 665 1046 891 1046 1538 1047 891 1047 1539 1047 1539 1048 891 1048 890 1048 1539 1049 890 1049 1533 1049 1533 1049 890 1049 889 1049 1533 1050 889 1050 1534 1050 1534 1051 889 1051 888 1051 1534 1052 888 1052 1535 1052 1535 1053 888 1053 887 1053 1535 1054 887 1054 1536 1054 1536 1054 887 1054 886 1054 1536 1055 886 1055 1529 1055 1529 1055 886 1055 885 1055 1529 1056 885 1056 1530 1056 1530 1056 885 1056 833 1056 1530 1057 833 1057 1531 1057 1531 1058 833 1058 834 1058 1478 1059 772 1059 1479 1059 1479 1059 772 1059 796 1059 1479 1060 796 1060 1480 1060 1480 1061 796 1061 797 1061 1480 1062 797 1062 1466 1062 1466 1063 797 1063 794 1063 1466 1064 794 1064 1467 1064 1467 1064 794 1064 793 1064 1467 1065 793 1065 1481 1065 1481 1065 793 1065 792 1065 1481 1066 792 1066 1482 1066 1482 1067 792 1067 782 1067 1482 1068 782 1068 1457 1068 1457 1069 782 1069 781 1069 1457 1070 781 1070 1458 1070 1458 1071 781 1071 780 1071 1458 1072 780 1072 1459 1072 1459 1073 780 1073 779 1073 1459 1074 779 1074 1460 1074 1460 1075 779 1075 777 1075 1460 1076 777 1076 1455 1076 1455 1077 777 1077 776 1077 1455 1078 776 1078 1456 1078 1456 1079 776 1079 773 1079 1456 1080 773 1080 1468 1080 1468 1080 773 1080 774 1080 1468 1081 774 1081 1469 1081 1469 1082 774 1082 775 1082 1469 1083 775 1083 1470 1083 1470 1084 775 1084 807 1084 1470 1085 807 1085 1483 1085 1483 1085 807 1085 806 1085 1483 1086 806 1086 1484 1086 1484 1087 806 1087 791 1087 1484 1088 791 1088 1461 1088 1461 1089 791 1089 790 1089 1461 204 790 204 1462 204 1462 204 790 204 805 204 1462 1090 805 1090 1472 1090 1472 1091 805 1091 804 1091 1472 1092 804 1092 1476 1092 1476 1093 804 1093 803 1093 1476 1094 803 1094 1475 1094 1475 1094 803 1094 789 1094 1475 1095 789 1095 1473 1095 1473 1096 789 1096 788 1096 1473 1097 788 1097 1485 1097 1485 1098 788 1098 787 1098 1485 1099 787 1099 1486 1099 1486 1099 787 1099 783 1099 1486 1100 783 1100 1487 1100 1487 1101 783 1101 785 1101 1487 1102 785 1102 1488 1102 1488 1103 785 1103 786 1103 1488 1104 786 1104 1489 1104 1489 1105 786 1105 799 1105 1489 1106 799 1106 1490 1106 1490 1107 799 1107 798 1107 1490 1108 798 1108 1491 1108 1491 1109 798 1109 802 1109 1491 1110 802 1110 1492 1110 1492 1111 802 1111 801 1111 1492 1112 801 1112 1493 1112 1493 1113 801 1113 800 1113 1493 1114 800 1114 1494 1114 1494 1114 800 1114 809 1114 1494 1115 809 1115 1495 1115 1495 1115 809 1115 808 1115 1495 1116 808 1116 1496 1116 1496 1117 808 1117 769 1117 1496 1118 769 1118 1477 1118 1477 1119 769 1119 771 1119 1477 1120 771 1120 1478 1120 1478 1120 771 1120 772 1120 1432 1059 717 1059 1418 1059 1418 1059 717 1059 716 1059 1418 1060 716 1060 1419 1060 1419 1061 716 1061 714 1061 1419 1121 714 1121 1420 1121 1420 1122 714 1122 713 1122 1420 1064 713 1064 1403 1064 1403 1064 713 1064 711 1064 1403 1065 711 1065 1414 1065 1414 1065 711 1065 710 1065 1414 1123 710 1123 1398 1123 1398 1124 710 1124 704 1124 1398 1068 704 1068 1399 1068 1399 1069 704 1069 703 1069 1399 1070 703 1070 1401 1070 1401 1071 703 1071 702 1071 1401 1072 702 1072 1402 1072 1402 1073 702 1073 697 1073 1402 1074 697 1074 1406 1074 1406 1075 697 1075 696 1075 1406 1125 696 1125 1407 1125 1407 1126 696 1126 705 1126 1407 1127 705 1127 1408 1127 1408 1128 705 1128 707 1128 1408 1080 707 1080 1409 1080 1409 1080 707 1080 709 1080 1409 1081 709 1081 1410 1081 1410 1082 709 1082 737 1082 1410 1129 737 1129 1411 1129 1411 1130 737 1130 736 1130 1411 1131 736 1131 1412 1131 1412 1131 736 1131 735 1131 1412 1132 735 1132 1427 1132 1427 1133 735 1133 734 1133 1427 1088 734 1088 1428 1088 1428 1089 734 1089 733 1089 1428 204 733 204 1429 204 1429 204 733 204 732 204 1429 1134 732 1134 1433 1134 1433 1135 732 1135 731 1135 1433 1092 731 1092 1434 1092 1434 1093 731 1093 730 1093 1434 1136 730 1136 1435 1136 1435 1136 730 1136 729 1136 1435 1137 729 1137 1436 1137 1436 1138 729 1138 728 1138 1436 1139 728 1139 1437 1139 1437 1140 728 1140 727 1140 1437 1141 727 1141 1438 1141 1438 1141 727 1141 726 1141 1438 1142 726 1142 1439 1142 1439 1143 726 1143 725 1143 1439 1102 725 1102 1440 1102 1440 1103 725 1103 724 1103 1440 1104 724 1104 1441 1104 1441 1105 724 1105 723 1105 1441 1144 723 1144 1415 1144 1415 1145 723 1145 722 1145 1415 1146 722 1146 1416 1146 1416 1147 722 1147 721 1147 1416 1110 721 1110 1421 1110 1421 1111 721 1111 720 1111 1421 1148 720 1148 1422 1148 1422 1149 720 1149 719 1149 1422 1150 719 1150 1423 1150 1423 1150 719 1150 700 1150 1423 1115 700 1115 1424 1115 1424 1115 700 1115 699 1115 1424 1116 699 1116 1425 1116 1425 1117 699 1117 715 1117 1425 1151 715 1151 1426 1151 1426 1152 715 1152 718 1152 1426 1120 718 1120 1432 1120 1432 1120 718 1120 717 1120 1554 1059 852 1059 1555 1059 1555 1059 852 1059 850 1059 1555 1153 850 1153 1540 1153 1540 1154 850 1154 849 1154 1540 1062 849 1062 1541 1062 1541 1063 849 1063 846 1063 1541 1064 846 1064 1556 1064 1556 1064 846 1064 884 1064 1556 1065 884 1065 1557 1065 1557 1065 884 1065 883 1065 1557 1066 883 1066 1558 1066 1558 1067 883 1067 876 1067 1558 1068 876 1068 1559 1068 1559 1069 876 1069 875 1069 1559 1155 875 1155 1560 1155 1560 1156 875 1156 874 1156 1560 1157 874 1157 1578 1157 1578 1158 874 1158 882 1158 1578 1074 882 1074 1579 1074 1579 1075 882 1075 881 1075 1579 1076 881 1076 1580 1076 1580 1077 881 1077 880 1077 1580 1127 880 1127 1563 1127 1563 1128 880 1128 879 1128 1563 1159 879 1159 1562 1159 1562 1159 879 1159 878 1159 1562 1160 878 1160 1561 1160 1561 1161 878 1161 877 1161 1561 1129 877 1129 1564 1129 1564 1130 877 1130 864 1130 1564 1131 864 1131 1565 1131 1565 1131 864 1131 863 1131 1565 1132 863 1132 1566 1132 1566 1133 863 1133 862 1133 1566 1088 862 1088 1543 1088 1543 1089 862 1089 873 1089 1543 204 873 204 1544 204 1544 204 873 204 872 204 1544 1090 872 1090 1567 1090 1567 1091 872 1091 871 1091 1567 1162 871 1162 1568 1162 1568 1163 871 1163 870 1163 1568 1136 870 1136 1569 1136 1569 1136 870 1136 869 1136 1569 1137 869 1137 1572 1137 1572 1138 869 1138 868 1138 1572 1139 868 1139 1573 1139 1573 1140 868 1140 861 1140 1573 1141 861 1141 1574 1141 1574 1141 861 1141 860 1141 1574 1142 860 1142 1575 1142 1575 1143 860 1143 867 1143 1575 1102 867 1102 1576 1102 1576 1103 867 1103 866 1103 1576 1104 866 1104 1577 1104 1577 1105 866 1105 865 1105 1577 1144 865 1144 1546 1144 1546 1145 865 1145 859 1145 1546 1146 859 1146 1547 1146 1547 1147 859 1147 858 1147 1547 1110 858 1110 1570 1110 1570 1111 858 1111 857 1111 1570 1112 857 1112 1571 1112 1571 1113 857 1113 856 1113 1571 1114 856 1114 1548 1114 1548 1114 856 1114 855 1114 1548 1115 855 1115 1549 1115 1549 1115 855 1115 854 1115 1549 1116 854 1116 1550 1116 1550 1117 854 1117 844 1117 1550 1151 844 1151 1552 1151 1552 1152 844 1152 853 1152 1552 1120 853 1120 1554 1120 1554 1120 853 1120 852 1120</p>
        </triangles>
      </mesh>
    </geometry>
  </library_geometries>
  <library_visual_scenes>
    <visual_scene id="Scene" name="Scene">
      <node id="塑料轮_平面" name="塑料轮_平面" type="NODE">
        <matrix sid="transform">0.001 0 0 0 0 0.001 0 0 0 0 0.001 0 0 0 0 1</matrix>
        <instance_geometry url="#塑料轮_平面-mesh" name="塑料轮_平面"/>
      </node>
    </visual_scene>
  </library_visual_scenes>
  <scene>
    <instance_visual_scene url="#Scene"/>
  </scene>
</COLLADA>